Urban Rural Code,Population Estimate 2020,Total Vaccines,Percent Vaccinated,Case Count,Percent of Population Cases,Total deaths,Covid Death Percent Above Median
2.0,219728.0,132599.0,60.34688341950047,19001.0,8.64750964829243,2259.0,0.0
3.0,728310.0,390344.0,53.59585890623498,83725.0,11.495791627191709,10910.0,0.0
5.0,50383.0,19345.0,38.395887501736695,7265.0,14.41954627552944,1133.0,1.0
4.0,127795.0,29461.0,23.05332759497633,13717.0,10.7335967760867,3421.0,1.0
1.0,2707303.0,2027846.0,74.90280917946754,491834.0,18.16693587677478,47108.0,1.0
4.0,124571.0,62885.0,50.4812516556823,7994.0,6.4172239124675805,2953.0,0.0
5.0,49479.0,23055.0,46.59552537440126,7008.0,14.16358455102164,974.0,0.0
4.0,209192.0,112964.0,54.00015296952082,25596.0,12.23564954682779,3706.0,0.0
3.0,657589.0,350514.0,53.302898923187584,96995.0,14.75009466399225,17694.0,1.0
3.0,91285.0,39965.0,43.78046776578846,10331.0,11.31730295229227,1978.0,0.0
3.0,144557.0,55242.0,38.21468348125653,19013.0,13.152597245377253,2317.0,0.0
5.0,48959.0,22918.0,46.81059662166302,7571.0,15.46395963969852,850.0,1.0
2.0,262635.0,128974.0,49.10769699392693,37943.0,14.44704628096026,5196.0,0.0
4.0,231016.0,147100.0,63.6752432731932,13691.0,5.92642933822765,3495.0,0.0
5.0,45099.0,6273.0,13.90939932149271,4151.0,9.2041952149715,957.0,1.0
4.0,153010.0,77386.0,50.57577936082609,10571.0,6.90869877785765,5646.0,0.0
2.0,312172.0,173697.0,55.64144125674307,29940.0,9.5908665735556,5558.0,0.0
4.0,86530.0,29578.0,34.18236449786201,1193.0,1.37871258523055,2301.0,1.0
3.0,574332.0,328910.0,57.26826992053377,54560.0,9.49973186240711,10551.0,0.0
5.0,107571.0,50214.0,46.679867250467126,14433.0,13.41718492902362,2011.0,0.0
5.0,101118.0,44590.0,44.0969955893115,10888.0,10.7676180304199,2116.0,0.0
2.0,293245.0,158817.0,54.15846817507545,35620.0,12.14683967331071,5250.0,1.0
4.0,56034.0,32157.0,57.38837134596852,1020.0,1.8203233750936896,2139.0,0.0
4.0,63756.0,44674.0,70.07026789635485,4909.0,7.699667482276169,1813.0,0.0
1.0,1077402.0,309655.0,28.74089708391111,101890.0,9.45700861888134,18440.0,0.0
3.0,162088.0,92756.0,57.22570455555008,12809.0,7.90249740881496,4246.0,1.0
3.0,324735.0,208435.0,64.18618257964187,36498.0,11.239318213312387,9723.0,0.0
4.0,148219.0,80601.0,54.37966792381543,12423.0,8.38151653971488,2632.0,1.0
2.0,238412.0,132611.0,55.622619666795295,28790.0,12.07573444289717,3594.0,0.0
3.0,151146.0,78117.0,51.68314080425549,16398.0,10.84911277837322,3518.0,0.0
2.0,69199.0,35390.0,51.14235754851949,4454.0,6.4365091981098,1035.0,0.0
3.0,651059.0,289325.0,44.43913685242044,108102.0,16.60402513443482,5717.0,0.0
3.0,169234.0,69830.0,41.262394081567535,22913.0,13.539241523570912,2711.0,0.0
5.0,42837.0,19046.0,44.4615636015594,1482.0,3.45962602423138,1391.0,1.0
3.0,412716.0,176826.0,42.84447416625476,66209.0,16.04226635264928,10800.0,1.0
3.0,82100.0,34460.0,41.97320341047503,11812.0,14.38733252131546,1566.0,0.0
3.0,107516.0,45215.0,42.05420588563562,12970.0,12.06332080806577,2022.0,0.0
3.0,303946.0,144169.0,47.43243865686668,50024.0,16.45818665157626,5789.0,0.0
2.0,344238.0,217360.0,63.14236080851039,45053.0,13.087747430556758,3954.0,0.0
2.0,195561.0,80307.0,41.064936260297294,31919.0,16.32176149641288,3360.0,1.0
2.0,347087.0,186594.0,53.76000829763144,38178.0,10.9995476638422,7111.0,0.0
2.0,142495.0,54821.0,38.47222709568756,23916.0,16.783746798133258,2861.0,1.0
2.0,329331.0,218586.0,66.37273745866621,34545.0,10.489446787578451,4324.0,1.0
4.0,118268.0,30940.0,26.16092265025197,14182.0,11.99140934149558,2478.0,1.0
3.0,446935.0,254258.0,56.88925682705539,43852.0,9.81171758756866,6727.0,0.0
4.0,195656.0,112579.0,57.53925256572761,25321.0,12.94159136443554,3144.0,0.0
4.0,175999.0,95751.0,54.40428638799085,23393.0,13.291552792913592,4575.0,1.0
5.0,70214.0,14522.0,20.682484974506508,7963.0,11.34104309681829,1751.0,1.0
3.0,46516.0,18625.0,40.03998624129332,5040.0,10.83498151173789,2331.0,1.0
4.0,99789.0,40223.0,40.30804998546934,12260.0,12.28592329815911,3712.0,1.0
4.0,180267.0,124740.0,69.19735725340745,34058.0,18.89308636633438,2509.0,1.0
2.0,406172.0,252653.0,62.20345075485263,49432.0,12.1702136040889,6970.0,0.0
2.0,119266.0,64872.0,54.392702027400944,16890.0,14.16162192074858,2085.0,0.0
4.0,135593.0,72624.0,53.56028703546644,16816.0,12.40182015295774,3069.0,0.0
2.0,90043.0,57298.0,63.63404151349911,9693.0,10.764856790644467,2105.0,0.0
2.0,93913.0,41565.0,44.2590482680779,9301.0,9.90384717770702,1918.0,1.0
2.0,496865.0,278319.0,56.015014138649335,35182.0,7.08079659464844,7760.0,0.0
2.0,791263.0,509502.0,64.39097999021817,110890.0,14.01430371444134,13510.0,1.0
5.0,34347.0,9600.0,27.95003930474277,3136.0,9.130346172882629,858.0,1.0
5.0,99244.0,43262.0,43.59155213413405,17991.0,18.12804804320664,1949.0,0.0
1.0,815637.0,574427.0,70.42679525328056,49889.0,6.11656901293099,13822.0,0.0
4.0,74855.0,25198.0,33.66241400040077,13178.0,17.60470242468773,1585.0,0.0
3.0,336364.0,186409.0,55.41883197964111,40275.0,11.97363570417761,5294.0,0.0
5.0,50328.0,20085.0,39.90820219360992,4708.0,9.35463360356064,1096.0,0.0
5.0,99606.0,55940.0,56.16127542517519,8340.0,8.37298957894102,1892.0,0.0
3.0,140907.0,67972.0,48.23890935155812,17779.0,12.61754206675324,3010.0,0.0
3.0,103990.0,51311.0,49.34224444658141,9407.0,9.04606212135782,2870.0,1.0
3.0,289463.0,126244.0,43.61317335894397,26910.0,9.29652494446613,7445.0,1.0
3.0,552536.0,401744.0,72.70910854677342,49750.0,9.00393820493144,8630.0,0.0
5.0,30367.0,16622.0,54.73705008726578,3131.0,10.31053446175124,1127.0,1.0
1.0,3166857.0,1985524.0,62.69698947568519,306694.0,9.68449159529464,44802.0,1.0
4.0,133593.0,61950.0,46.37219015966405,16890.0,12.642877995104527,3200.0,0.0
5.0,85083.0,42208.0,49.60802980618925,8943.0,10.51091287331194,1993.0,0.0
5.0,38708.0,17897.0,46.23592022320967,5899.0,15.23974372222796,989.0,0.0
3.0,287095.0,160035.0,55.74287256831363,40100.0,13.96750204636096,4133.0,0.0
6.0,50664.0,24700.0,48.75256592452234,5736.0,11.3216485078162,1119.0,0.0
2.0,289105.0,116572.0,40.32168243371785,42835.0,14.816416180972311,4245.0,0.0
3.0,550081.0,270208.0,49.12149301648302,78996.0,14.36079413759064,11023.0,1.0
5.0,112112.0,68214.0,60.84451263022692,19224.0,17.14713857571,2056.0,0.0
5.0,68043.0,28222.0,41.47671325485355,9430.0,13.858883353173727,1226.0,0.0
3.0,118445.0,59942.0,50.60745493689054,13462.0,11.3656127316476,2620.0,0.0
5.0,96990.0,38443.0,39.63604495308794,15786.0,16.275904732446637,2413.0,1.0
3.0,67472.0,33878.0,50.21045767133033,10842.0,16.06888783495375,1246.0,0.0
2.0,104491.0,46558.0,44.55694748830043,11675.0,11.17321108995033,1489.0,0.0
5.0,36098.0,14114.0,39.09911906476813,4124.0,11.42445564851238,958.0,1.0
1.0,655342.0,332702.0,50.76769076299093,102455.0,15.6338217297228,20480.0,1.0
4.0,80815.0,30451.0,37.679886159747575,11269.0,13.94419352842912,1886.0,1.0
5.0,28671.0,12683.0,44.23633636775836,4143.0,14.45014125771685,717.0,1.0
5.0,35826.0,8235.0,22.98609948082398,5653.0,15.77904315301736,1272.0,1.0
2.0,221770.0,95609.0,43.11178247734138,17824.0,8.03715561166974,4848.0,1.0
4.0,91546.0,60732.0,66.34041902431565,12199.0,13.32554125794682,2171.0,0.0
3.0,93328.0,47266.0,50.6450368592491,13020.0,13.95079718841076,1869.0,0.0
2.0,67414.0,10509.0,15.58875011125285,7497.0,11.120835434776149,2389.0,1.0
5.0,97808.0,47316.0,48.37641092753149,10295.0,10.52572386716833,1721.0,0.0
5.0,42542.0,22205.0,52.19547741055898,7544.0,17.73306379577829,987.0,1.0
3.0,421017.0,231839.0,55.06642249600372,52456.0,12.4593543728638,7711.0,1.0
5.0,69571.0,28773.0,41.35774963706142,11663.0,16.76416897845366,1629.0,0.0
3.0,126919.0,54438.0,42.89192319510869,13276.0,10.46021478265665,2223.0,1.0
6.0,43136.0,13956.0,32.35348664688427,6680.0,15.485905044510382,923.0,1.0
2.0,159709.0,79366.0,49.69413120112204,19397.0,12.145214108159209,2671.0,0.0
2.0,99590.0,54502.0,54.72637815041671,17898.0,17.97168390400642,2557.0,1.0
5.0,152622.0,95011.0,62.25249308749722,8603.0,5.63680203378281,2923.0,0.0
2.0,253463.0,117498.0,46.35706197748784,1003.0,0.39571850723774,4774.0,1.0
3.0,237053.0,82608.0,34.8479032115181,34349.0,14.490008563485802,3087.0,1.0
3.0,303654.0,203094.0,66.88336066707504,29031.0,9.56055247090438,7785.0,0.0
5.0,75407.0,34599.0,45.88300820878698,7916.0,10.49769915259856,1813.0,1.0
3.0,189139.0,81775.0,43.23539830495033,13946.0,7.373413204045699,2381.0,0.0
4.0,173883.0,86117.0,49.52583058723394,11554.0,6.644697871557311,3734.0,0.0
4.0,106608.0,48632.0,45.61758967432087,15300.0,14.35164340387213,2977.0,1.0
3.0,208989.0,138349.0,66.19917794716469,20114.0,9.62442999392312,5778.0,0.0
3.0,295460.0,149364.0,50.553035943951805,22907.0,7.75299532931699,6430.0,1.0
3.0,411219.0,221872.0,53.9547054002855,32341.0,7.864665786357141,9162.0,0.0
3.0,170122.0,97306.0,57.19777571389943,19282.0,11.33421897226696,2502.0,1.0
1.0,1404396.0,847089.0,60.31696188254595,106768.0,7.60241413390525,21474.0,1.0
4.0,137588.0,66553.0,48.37122423467163,24602.0,17.88091984766113,6022.0,1.0
4.0,64939.0,29109.0,44.82514359629806,6898.0,10.62227629005682,1699.0,0.0
2.0,179062.0,85086.0,47.51761959544738,17107.0,9.553674146385047,4038.0,0.0
5.0,38738.0,18819.0,48.58020548298828,5620.0,14.507718519283392,772.0,1.0
3.0,134751.0,61840.0,45.89205274914472,21240.0,15.76240621590934,2895.0,0.0
4.0,141663.0,70980.0,50.10482624256157,17901.0,12.63632705787679,2840.0,0.0
5.0,81979.0,37188.0,45.3628368240647,12049.0,14.697666475560812,1567.0,1.0
2.0,69347.0,43045.0,62.071899289082445,10619.0,15.312846986892,932.0,0.0
5.0,40283.0,16900.0,41.95318124270784,3244.0,8.05302484919196,896.0,1.0
3.0,365449.0,179167.0,49.02653995495951,56606.0,15.48943901885078,8615.0,0.0
4.0,162518.0,96731.0,59.52017622663336,11396.0,7.0121463468661895,4491.0,0.0
5.0,44718.0,21824.0,48.80361375732368,5949.0,13.303367771367231,920.0,1.0
3.0,430906.0,258407.0,59.96829935067045,49288.0,11.4382255062589,5342.0,0.0
3.0,305892.0,181663.0,59.387953918376425,40384.0,13.202045166267832,5265.0,0.0
1.0,1559146.0,894417.0,57.36582719001299,148040.0,9.494941461543691,24768.0,0.0
3.0,265988.0,147164.0,55.32730799885709,22890.0,8.60565138276914,5977.0,0.0
5.0,34637.0,14215.0,41.03992840026561,5107.0,14.744348529029647,1018.0,1.0
5.0,56994.0,30699.0,53.86356458574587,5890.0,10.3344211671404,1097.0,1.0
5.0,129999.0,46828.0,36.02181555242733,23123.0,17.78705990046077,2378.0,0.0
3.0,227854.0,134793.0,59.15761847498837,26075.0,11.44373151228418,3977.0,0.0
2.0,29492.0,10982.0,37.23721687237217,2411.0,8.175098331750979,1741.0,0.0
4.0,127450.0,67719.0,53.1337779521381,13707.0,10.7548058061985,2113.0,0.0
1.0,242803.0,114731.0,47.25271104558016,21134.0,8.70417581331367,5697.0,0.0
1.0,1578487.0,882830.0,55.9288736619307,170109.0,10.77671213003338,31467.0,0.0
2.0,265476.0,156124.0,58.80908255360183,30519.0,11.49595443655923,2875.0,0.0
3.0,53841.0,21128.0,39.24147025501012,8885.0,16.50229379097713,1282.0,0.0
5.0,35299.0,12715.0,36.02085044902122,3499.0,9.91246210940819,887.0,1.0
6.0,33633.0,13596.0,40.42458299884042,3007.0,8.94062379210894,920.0,1.0
5.0,91776.0,36446.0,39.71190725244072,10139.0,11.047550557880047,2126.0,1.0
2.0,402950.0,233731.0,58.00496339496215,36092.0,8.95694254870331,7722.0,0.0
3.0,227346.0,126069.0,55.45248211976459,25436.0,11.18823291370862,5390.0,1.0
2.0,173359.0,33229.0,19.16773862331924,18249.0,10.52671046787302,1535.0,1.0
5.0,42297.0,17590.0,41.58687377355368,3881.0,9.17559164952597,876.0,1.0
3.0,561497.0,297343.0,52.95540314551992,34174.0,6.08623020247659,15520.0,0.0
1.0,2489188.0,1239374.0,49.79029305942339,356093.0,14.30558881048759,37638.0,1.0
1.0,705925.0,342444.0,48.50996918936147,10574.0,1.49789283564118,15842.0,0.0
3.0,208801.0,97732.0,46.80628924190976,2991.0,1.43246440390611,5078.0,1.0
3.0,463986.0,266752.0,57.49138982641717,61764.0,13.31160853991284,10355.0,1.0
3.0,1061175.0,616936.0,58.13706504582184,131559.0,12.39748392112516,23801.0,1.0
2.0,328200.0,242164.0,73.78549664838513,17413.0,5.30560633759902,3342.0,0.0
2.0,480828.0,211313.0,43.94773182926119,66146.0,13.75668638265658,5181.0,0.0
3.0,77558.0,37800.0,48.73771886845973,11363.0,14.65097088630444,2309.0,0.0
5.0,58351.0,27806.0,47.65299652105362,6484.0,11.11206320371544,1114.0,0.0
4.0,161496.0,88309.0,54.68184970525586,18392.0,11.38851736265913,2119.0,0.0
5.0,51118.0,36044.0,70.51136585938417,4050.0,7.92284518173637,1152.0,0.0
3.0,262658.0,128890.0,49.07141606195128,35565.0,13.54042138446192,3954.0,0.0
1.0,9943046.0,6131044.0,61.66162763402684,1429615.0,14.37803868150665,146639.0,1.0
5.0,43274.0,16170.0,37.36654804270463,6503.0,15.02749919120025,959.0,1.0
2.0,113295.0,19475.0,17.18963767156538,12480.0,11.01549053356282,1555.0,1.0
4.0,183643.0,85899.0,46.77499278491421,18886.0,10.28408379301144,3710.0,0.0
4.0,61028.0,25431.0,41.67103624565773,4223.0,6.91977452972406,1116.0,1.0
5.0,26527.0,9468.0,35.691936517510456,1841.0,6.9400987672937,1125.0,1.0
4.0,82732.0,35453.0,42.85282599236087,13488.0,16.30324421022095,2234.0,1.0
3.0,53695.0,27882.0,51.92662259055778,6004.0,11.181674271347418,1392.0,0.0
5.0,58418.0,20576.0,35.22202061008593,9653.0,16.5240165702352,917.0,1.0
2.0,161657.0,122741.0,75.92680799470483,13241.0,8.19079903746822,2684.0,1.0
2.0,385234.0,223258.0,57.95386700031669,57400.0,14.900034784053329,5791.0,1.0
2.0,153192.0,74653.0,48.73165700558776,20871.0,13.624079586401368,1416.0,0.0
3.0,494281.0,290082.0,58.6876695644785,67884.0,13.73388821338469,9682.0,0.0
4.0,240226.0,94551.0,39.35918676579554,24888.0,10.36024410346923,6193.0,0.0
5.0,94265.0,42733.0,45.33283827507558,9289.0,9.8541346204848,1629.0,0.0
2.0,192925.0,107434.0,55.68692497084359,15809.0,8.194376052870279,2674.0,0.0
1.0,5108284.0,2913284.0,57.03058013219312,612974.0,11.9996069130064,87249.0,1.0
1.0,1497957.0,791423.0,52.83349255018669,117307.0,7.83113266936233,25733.0,0.0
3.0,532486.0,252543.0,47.42716240426978,94179.0,17.68666218454569,11135.0,1.0
1.0,547903.0,337923.0,61.67569807064389,58337.0,10.64732261002403,10492.0,1.0
5.0,46064.0,22185.0,48.16125390760681,5844.0,12.6866967697117,1163.0,1.0
3.0,97075.0,41983.0,43.248004120525366,17930.0,18.47025495750708,641.0,1.0
4.0,203943.0,100619.0,49.33682450488617,25067.0,12.29117939816517,1767.0,0.0
5.0,54656.0,26104.0,47.76053864168618,7854.0,14.36987704918032,1281.0,1.0
2.0,758308.0,556016.0,73.32324068848014,51906.0,6.84497592007469,8841.0,0.0
2.0,79553.0,47958.0,60.28433874272498,11591.0,14.57016077332093,1237.0,0.0
5.0,67610.0,30081.0,44.49193906226889,12134.0,17.947049253069068,1995.0,1.0
2.0,129681.0,61443.0,47.38010965368867,16672.0,12.856162429345847,2862.0,1.0
5.0,40372.0,18039.0,44.68195779252947,4280.0,10.60140691568413,981.0,1.0
5.0,33400.0,15140.0,45.32934131736527,4875.0,14.59580838323353,732.0,1.0
2.0,150600.0,91293.0,60.61952191235059,9447.0,6.272908366533859,1344.0,0.0
2.0,311307.0,184357.0,59.22031949169149,21475.0,6.898335084016741,4325.0,0.0
3.0,230298.0,162648.0,70.6250162832504,14908.0,6.473351917949779,2871.0,0.0
4.0,171322.0,77951.0,45.49970231493912,13737.0,8.01823466921936,4389.0,1.0
2.0,180912.0,102545.0,56.68225435570885,18923.0,10.45978155125143,2464.0,0.0
1.0,1227883.0,704291.0,57.35815220179773,129632.0,10.55735766355589,32375.0,0.0
2.0,2189183.0,1059142.0,48.38069727382316,345933.0,15.80192245234866,34964.0,1.0
4.0,152737.0,36188.0,23.69301479012943,16957.0,11.10209052161558,5865.0,1.0
2.0,164646.0,115384.0,70.08005053265795,19586.0,11.89582498208277,2998.0,0.0
4.0,194711.0,111723.0,57.3788846033352,10270.0,5.27448372202905,5891.0,0.0
4.0,133580.0,62369.0,46.69037281030094,13429.0,10.05315166941158,3042.0,0.0
3.0,158108.0,99833.0,63.14228249044957,13843.0,8.75540769600526,2795.0,0.0
4.0,75009.0,27438.0,36.57961044674639,1034.0,1.37850124651708,3162.0,1.0
3.0,288774.0,127260.0,44.06906438945334,27985.0,9.69096940860326,3930.0,1.0
2.0,693593.0,417384.0,60.17707791168596,77184.0,11.12813998987879,10291.0,0.0
4.0,196115.0,102668.0,52.35091655406266,25403.0,12.95311424419346,3094.0,1.0
3.0,272787.0,156433.0,57.34620784714814,13716.0,5.02809884635264,3884.0,0.0
4.0,113454.0,50088.0,44.14828917446718,13366.0,11.78098612653586,3026.0,0.0
3.0,127590.0,55350.0,43.38114272278391,15113.0,11.84497217650286,4606.0,1.0
2.0,148130.0,66993.0,45.22581516235739,24983.0,16.86559103490177,2018.0,0.0
3.0,149039.0,78955.0,52.976066667113976,14202.0,9.52904944343426,2226.0,0.0
5.0,29802.0,11934.0,40.04429232937386,3160.0,10.60331521374404,826.0,1.0
5.0,64783.0,29478.0,45.50267817174259,12533.0,19.34612475495114,1957.0,1.0
3.0,475609.0,249981.0,52.5601912495348,70314.0,14.78399273352691,13746.0,0.0
2.0,49824.0,26937.0,54.0643063583815,7225.0,14.501043673731532,820.0,1.0
4.0,106639.0,48767.0,45.73092395840171,7416.0,6.954303772541,3782.0,1.0
2.0,583283.0,402231.0,68.9598359629888,55289.0,9.47893218214828,9493.0,0.0
4.0,160110.0,55097.0,34.41196677284367,16123.0,10.0699519080632,2743.0,1.0
2.0,475533.0,295086.0,62.053737595498106,48977.0,10.29939036828148,3478.0,0.0
4.0,111371.0,57892.0,51.981215935925874,11027.0,9.90114123066148,2425.0,0.0
3.0,404794.0,184207.0,45.50635631951066,35314.0,8.7239435367125,9635.0,0.0
4.0,150568.0,76560.0,50.84745762711864,13904.0,9.2343658679135,2321.0,0.0
2.0,1351334.0,958506.0,70.93035474575493,228311.0,16.895230934765202,25592.0,1.0
5.0,64711.0,22755.0,35.16403702616247,11540.0,17.83313501568512,1285.0,1.0
5.0,57979.0,24759.0,42.70339260766829,6930.0,11.95260352886389,1043.0,0.0
2.0,257332.0,201023.0,78.11815087124803,16940.0,6.5829356628790805,3820.0,0.0
3.0,56145.0,19578.0,34.87042479294683,9287.0,16.54109894024401,956.0,1.0
2.0,54376.0,22737.0,41.81440341327056,9499.0,17.46910401647785,1282.0,1.0
4.0,88053.0,40440.0,45.92688494429491,8266.0,9.38752796611132,2359.0,0.0
2.0,256805.0,160162.0,62.36716574833044,19436.0,7.56838846595666,4067.0,0.0
4.0,114687.0,66711.0,58.16788302074342,8646.0,7.538779460618899,1608.0,0.0
3.0,236613.0,129198.0,54.603086051907546,26381.0,11.14942965940163,5486.0,0.0
5.0,53362.0,20233.0,37.91649488399985,5471.0,10.25261421985682,988.0,0.0
5.0,51582.0,21988.0,42.6272730797565,8354.0,16.195572098794152,1233.0,0.0
6.0,40133.0,13970.0,34.80925921311639,5938.0,14.79580395186006,1066.0,1.0
5.0,79985.0,25913.0,32.39732449834344,10738.0,13.42501719072326,1763.0,0.0
5.0,38730.0,16470.0,42.52517428350116,6373.0,16.4549444874774,924.0,1.0
6.0,44004.0,7191.0,16.3416962094355,3071.0,6.97891100809017,667.0,1.0
4.0,183904.0,92904.0,50.51766138855055,5075.0,2.75959196102314,4171.0,1.0
1.0,1401142.0,844892.0,60.30024080357309,201898.0,14.40953165346553,26736.0,1.0
3.0,155358.0,99581.0,64.09776129970777,15655.0,10.07672601346567,3094.0,0.0
4.0,82622.0,43859.0,53.08392437849483,9191.0,11.12415579385635,1862.0,0.0
4.0,217824.0,123253.0,56.583755692669314,40162.0,18.437821360364328,3964.0,1.0
2.0,607220.0,391710.0,64.5087447712526,72476.0,11.9357069925233,8697.0,0.0
4.0,102387.0,53734.0,52.48127203648901,9883.0,9.652592614296733,2924.0,1.0
5.0,44300.0,18241.0,41.17607223476298,5221.0,11.78555304740406,1186.0,1.0
2.0,150849.0,40484.0,26.83743345995001,14638.0,9.70374347857791,2287.0,1.0
3.0,241635.0,138792.0,57.43869886398908,28356.0,11.73505493823328,5023.0,0.0
1.0,817985.0,451654.0,55.215437935903466,92456.0,11.302896752385433,20163.0,0.0
3.0,108545.0,55425.0,51.06177161545903,11059.0,10.1884011239578,2632.0,0.0
1.0,740900.0,477144.0,64.40059387231744,77400.0,10.4467539479012,16097.0,0.0
3.0,71478.0,21249.0,29.7280282044825,2807.0,3.92708245893841,1064.0,0.0
2.0,566765.0,322444.0,56.89200991592636,78343.0,13.82283662540912,9895.0,1.0
2.0,208396.0,124277.0,59.63502178544694,21100.0,10.12495441371235,4132.0,0.0
4.0,177716.0,114494.0,64.42526277881564,17661.0,9.937765873641087,2628.0,0.0
2.0,913890.0,502888.0,55.02719145630218,78171.0,8.55365525391458,14377.0,0.0
2.0,1958105.0,1225967.0,62.609870257212975,243909.0,12.45638002047898,32724.0,1.0
4.0,66509.0,28600.0,43.001699018178,10871.0,16.34515629463681,1263.0,1.0
2.0,62451.0,29750.0,47.63734768058157,7222.0,11.56426638484571,1246.0,0.0
3.0,851948.0,587907.0,69.00738073215736,94353.0,11.074971711888509,16920.0,1.0
3.0,383843.0,205892.0,53.63963912328739,46397.0,12.087494105662987,9760.0,0.0
5.0,61551.0,34427.0,55.93247875745316,3809.0,6.18836412081038,1226.0,0.0
2.0,474171.0,260508.0,54.939673662033314,30620.0,6.457585976367169,6952.0,0.0
2.0,830393.0,502607.0,60.52640135453936,55456.0,6.6782836560520105,10354.0,0.0
3.0,226075.0,115910.0,51.2705960411368,25550.0,11.30155921707398,7196.0,0.0
1.0,966183.0,479618.0,49.64049253609306,119377.0,12.355526851538473,21978.0,1.0
2.0,1253459.0,764592.0,60.998564771564126,55840.0,4.45487247688197,25425.0,1.0
3.0,382187.0,180378.0,47.19626779560791,52555.0,13.751121833029382,9270.0,1.0
3.0,62972.0,31827.0,50.54151051260878,6299.0,10.00285841326303,1176.0,0.0
2.0,162575.0,79408.0,48.84391819160387,18144.0,11.16038751345532,3632.0,0.0
2.0,278715.0,165991.0,59.5558186678148,19034.0,6.82919828498645,3465.0,0.0
6.0,35123.0,16062.0,45.73071776328901,4.0,0.01138854881416,753.0,1.0
5.0,74815.0,26762.0,35.77090155717436,6954.0,9.29492748780324,1846.0,1.0
2.0,994020.0,551474.0,55.4791654091467,14626.0,1.47139896581557,25184.0,1.0
3.0,531610.0,263601.0,49.58541035721676,64110.0,12.0595925584545,15635.0,1.0
3.0,327306.0,197004.0,60.189547396014746,31722.0,9.69184799545379,6106.0,0.0
3.0,161401.0,94448.0,58.51760521929852,11329.0,7.019163450040581,2191.0,0.0
4.0,65932.0,27737.0,42.069101498513625,7615.0,11.5497785597282,1114.0,0.0
5.0,44662.0,21181.0,47.42510411535534,4543.0,10.17195826429627,1361.0,1.0
4.0,103015.0,44718.0,43.40921225064311,14339.0,13.91933213609668,2505.0,0.0
2.0,287066.0,133294.0,46.43322441529126,38649.0,13.463454397246618,4087.0,1.0
1.0,1324624.0,739967.0,55.862418316443005,146049.0,11.0256948386863,27232.0,0.0
4.0,94859.0,47802.0,50.392688094962,13755.0,14.5004691173215,1798.0,1.0
4.0,159298.0,104878.0,65.83761252495324,15697.0,9.853858805509171,3923.0,0.0
4.0,119883.0,45937.0,38.3181935720661,17449.0,14.55502448220348,2669.0,0.0
5.0,47512.0,11443.0,24.0844418252231,7242.0,15.24246506145815,1659.0,1.0
4.0,153740.0,97559.0,63.45713542344218,16770.0,10.90802653831143,3698.0,0.0
4.0,108547.0,65915.0,60.724847301169085,8869.0,8.17065418666568,2701.0,0.0
2.0,131533.0,72725.0,55.290307375335466,9654.0,7.339602989363881,2292.0,0.0
4.0,97590.0,56702.0,58.10226457628856,14767.0,15.13167332718516,1889.0,1.0
4.0,151655.0,96143.0,63.3958656160364,7889.0,5.20193861066235,4036.0,0.0
4.0,147008.0,64786.0,44.06971049194602,20455.0,13.91420875054418,3081.0,1.0
4.0,171631.0,93680.0,54.58221416876905,21220.0,12.36373382430912,3285.0,0.0
5.0,30131.0,10570.0,35.08015001161594,5970.0,19.81348113238857,732.0,1.0
4.0,27700.0,11527.0,41.61371841155235,3216.0,11.61010830324909,2256.0,1.0
5.0,36522.0,16703.0,45.7340780899184,5438.0,14.8896555500794,1046.0,1.0
5.0,64820.0,27755.0,42.81857451403887,10004.0,15.433508176488738,1521.0,1.0
5.0,65644.0,32988.0,50.25287916641277,3868.0,5.89238925111205,2796.0,1.0
2.0,822736.0,523989.0,63.68859512650473,102536.0,12.46280702436747,14097.0,1.0
3.0,90418.0,37468.0,41.43865159592116,13708.0,15.16069809108805,1749.0,1.0
3.0,428294.0,219061.0,51.147342713182994,48838.0,11.4029148201936,11502.0,1.0
4.0,189420.0,109147.0,57.6216872558336,21193.0,11.1883644810474,4718.0,0.0
4.0,113209.0,54601.0,48.230264378273816,13315.0,11.76143239495093,2834.0,1.0
5.0,43218.0,11833.0,27.3797954555972,5579.0,12.908973113054738,858.0,1.0
5.0,107185.0,58758.0,54.81923776647852,7881.0,7.352707934878939,1787.0,0.0
5.0,80839.0,20566.0,25.4406907556996,8938.0,11.05654448966464,1389.0,1.0
4.0,103837.0,22985.0,22.13565492069301,18027.0,17.360863661315328,1922.0,1.0
3.0,841387.0,529235.0,62.90030627998768,97126.0,11.54355843387169,11699.0,0.0
4.0,157761.0,70429.0,44.64284582374604,21528.0,13.64595812653317,1864.0,1.0
2.0,487536.0,243764.0,49.99917954776673,62273.0,12.77300548062092,11958.0,0.0
3.0,494399.0,247959.0,50.15362086088362,67233.0,13.59893527292733,8079.0,1.0
5.0,74347.0,32733.0,44.02733129783313,8960.0,12.05159589492514,2318.0,0.0
2.0,603514.0,404117.0,66.96066702677983,34184.0,5.66416023489098,6972.0,0.0
1.0,1268408.0,811442.0,63.97326412321588,140071.0,11.04305554679566,20994.0,0.0
4.0,111309.0,63636.0,57.17057919844757,9747.0,8.75670430962455,2304.0,1.0
2.0,221479.0,104269.0,47.07850405681802,29714.0,13.416170381842072,3596.0,1.0
3.0,744552.0,361755.0,48.58693549946813,47375.0,6.3628866754773306,15313.0,1.0
2.0,22375.0,6627.0,29.617877094972062,3109.0,13.8949720670391,777.0,1.0
2.0,561531.0,330083.0,58.7826851945841,70195.0,12.50064555652315,10512.0,0.0
3.0,419051.0,223128.0,53.24602494684419,64219.0,15.32486499256653,8450.0,1.0
4.0,81346.0,38842.0,47.74912103852679,11812.0,14.52068940083102,2253.0,1.0
2.0,207449.0,104455.0,50.35213474155093,24414.0,11.76867567450313,2398.0,0.0
3.0,149077.0,98638.0,66.16580693198817,10593.0,7.10572388765537,2661.0,1.0
2.0,244562.0,114515.0,46.82452711377892,32619.0,13.33772213181115,2640.0,1.0
5.0,84515.0,28920.0,34.21877773176359,12931.0,15.30024256049222,2143.0,1.0
3.0,373513.0,187359.0,50.1613062999146,32115.0,8.598094309970469,11193.0,1.0
1.0,1165517.0,677144.0,58.098165878318376,174200.0,14.94615694151179,15827.0,0.0
5.0,30023.0,9041.0,30.113579588981786,4240.0,14.12250607867301,757.0,1.0
2.0,213554.0,137311.0,64.2980229824775,21349.0,9.99700309991852,1776.0,0.0
5.0,65225.0,25129.0,38.5266385588348,8854.0,13.57454963587581,1497.0,0.0
4.0,221262.0,118482.0,53.54828212707108,25294.0,11.43169635997143,4028.0,1.0
2.0,108262.0,59095.0,54.58517300622564,9733.0,8.99022741128004,2800.0,0.0
3.0,417981.0,236091.0,56.48366791791971,60678.0,14.51692780293841,9791.0,0.0
2.0,523738.0,317737.0,60.667165643890655,61997.0,11.83740725324494,8718.0,0.0
3.0,263477.0,151853.0,57.63425270516971,24307.0,9.22547319120834,6679.0,0.0
4.0,120891.0,47180.0,39.02689199361408,15091.0,12.48314597447287,2803.0,0.0
6.0,37481.0,16098.0,42.94976121234758,5298.0,14.13516181531976,1104.0,1.0
2.0,293293.0,181778.0,61.97829474279987,34476.0,11.75479810292097,5408.0,0.0
3.0,298111.0,227280.0,76.24005823334261,18557.0,6.22486255119737,7195.0,0.0
2.0,965802.0,673180.0,69.70165727550781,157959.0,16.3552156653227,15228.0,1.0
3.0,204353.0,72995.0,35.72005304546544,31929.0,15.62443418985774,5041.0,1.0
1.0,976802.0,570893.0,58.44510965374764,67016.0,6.86075581335828,25745.0,0.0
2.0,87635.0,37655.0,42.96799224054316,8690.0,9.91612940035374,1659.0,0.0
2.0,870791.0,453168.0,52.04096046008744,19731.0,2.26587091506457,15168.0,0.0
3.0,102228.0,32092.0,31.39257346323903,12784.0,12.50538013068826,1586.0,0.0
3.0,279252.0,118144.0,42.307306662082986,38800.0,13.89426038130434,3009.0,1.0
4.0,142481.0,97394.0,68.35578077076944,20579.0,14.44332928601006,2352.0,1.0
6.0,54754.0,21534.0,39.32863352449136,9335.0,17.048982722723448,1154.0,0.0
4.0,98604.0,16986.0,17.22648168431301,12874.0,13.05626546590402,3597.0,1.0
2.0,78936.0,40901.0,51.81539475017736,10031.0,12.707763251241513,2200.0,1.0
1.0,1907105.0,1446849.0,75.86624753225438,139789.0,7.329905799628229,21565.0,0.0
2.0,109426.0,17155.0,15.677261345566858,14904.0,13.620163398095512,2087.0,0.0
3.0,443465.0,276146.0,62.27007768369545,25436.0,5.73574013732763,12439.0,0.0
6.0,25358.0,3275.0,12.91505639245997,1399.0,5.51699660856534,668.0,1.0
4.0,121099.0,62915.0,51.953360473662045,18801.0,15.52531399928983,2269.0,1.0
3.0,528225.0,280705.0,53.1411803682143,61709.0,11.68233233943868,10874.0,0.0
5.0,36693.0,12941.0,35.268307306570726,7542.0,20.55432916360068,992.0,1.0
2.0,360750.0,225225.0,62.43243243243243,35286.0,9.78128898128898,3453.0,0.0
2.0,358245.0,180083.0,50.268112604502505,32790.0,9.15295398400535,5065.0,0.0
2.0,95094.0,76907.0,80.8747134414369,10377.0,10.91236040128714,2175.0,0.0
3.0,269925.0,188997.0,70.01833842734094,19999.0,7.40909511901454,3339.0,0.0
2.0,189135.0,107451.0,56.811801094456335,20402.0,10.78700399185766,3871.0,1.0
2.0,90939.0,16211.0,17.82623516862952,8639.0,9.4997745741651,1670.0,1.0
2.0,762944.0,292454.0,38.33230223974498,83464.0,10.93972821072057,11174.0,0.0
3.0,546192.0,310790.0,56.90123619533058,62089.0,11.367614318774349,10238.0,0.0
2.0,339261.0,153577.0,45.26809742351759,57049.0,16.815666993848392,5607.0,1.0
5.0,54515.0,28678.0,52.60570485187564,6055.0,11.10703476107493,1300.0,0.0
5.0,71074.0,30871.0,43.43501139657258,9930.0,13.971353800264511,2192.0,1.0
4.0,151946.0,94836.0,62.4142787569268,12162.0,8.00415937240861,2705.0,0.0
5.0,115694.0,46677.0,40.34522101405431,11250.0,9.723926910643591,2212.0,0.0
2.0,250847.0,54508.0,21.72958018234222,22248.0,8.86915131534361,3245.0,0.0
5.0,70229.0,36626.0,52.152244799157046,8290.0,11.80424041350439,1280.0,0.0
4.0,188766.0,106989.0,56.67810940529544,23115.0,12.245319602046967,3319.0,1.0
1.0,936017.0,432086.0,46.162195772085326,135165.0,14.44044285520455,22560.0,0.0
5.0,87336.0,40685.0,46.58445543647522,10275.0,11.76490794174223,1688.0,0.0
2.0,58658.0,26151.0,44.58215418186778,9977.0,17.00876265811995,899.0,0.0
3.0,392980.0,197865.0,50.349890579673264,47000.0,11.95989617792254,13219.0,1.0
5.0,41338.0,16769.0,40.56558130533649,5018.0,12.13895205380037,977.0,0.0
4.0,83441.0,44882.0,53.78890473508228,7580.0,9.08426313203341,1918.0,0.0
4.0,100595.0,46622.0,46.34623987275709,13835.0,13.75316864655301,1868.0,0.0
1.0,2538934.0,1496755.0,58.95210352061141,317639.0,12.51072300422145,35958.0,1.0
4.0,195802.0,104716.0,53.48055688910226,23762.0,12.13572895067466,3282.0,0.0
5.0,140709.0,79550.0,56.53511857805826,16285.0,11.57353118848119,3025.0,0.0
4.0,115240.0,63225.0,54.86376258243666,14460.0,12.547726483859767,2235.0,0.0
4.0,193882.0,107586.0,55.49045295592164,24437.0,12.60405813845534,5167.0,0.0
3.0,25340.0,11780.0,46.48776637726914,2549.0,10.05919494869771,1710.0,0.0
3.0,81561.0,24882.0,30.50722771913046,8369.0,10.261031620504893,3270.0,1.0
2.0,169671.0,89092.0,52.50867856027253,19166.0,11.29597868816709,3010.0,1.0
3.0,382986.0,237686.0,62.06127639130412,23377.0,6.1038784707535,7762.0,0.0
5.0,51205.0,17806.0,34.773947856654615,6242.0,12.19021579923835,991.0,0.0
2.0,90739.0,31053.0,34.22232997939144,13848.0,15.2613539933215,1541.0,0.0
4.0,56675.0,23578.0,41.60211733568593,7625.0,13.45390383767093,1218.0,1.0
5.0,37045.0,13797.0,37.24389256309893,6545.0,17.667701444189497,937.0,0.0
3.0,489819.0,335964.0,68.58941772368978,39151.0,7.992952498780161,8023.0,0.0
1.0,767452.0,463035.0,60.33406649536388,12780.0,1.6652507257782798,21146.0,0.0
3.0,148904.0,89669.0,60.219335947993336,14159.0,9.50881104604308,2781.0,1.0
4.0,102742.0,50797.0,49.44131903213875,11177.0,10.87870588464308,1644.0,0.0
1.0,966728.0,514363.0,53.206589650863535,91010.0,9.41423026952772,22011.0,1.0
4.0,65110.0,24538.0,37.68699124558439,11957.0,18.36430655813239,1843.0,1.0
3.0,165737.0,75724.0,45.68925466250746,30533.0,18.42256104551186,1831.0,0.0
1.0,917241.0,565966.0,61.70308566668956,102502.0,11.17503469644291,20833.0,1.0
1.0,1132271.0,697748.0,61.62376321569659,117087.0,10.34089895440225,12418.0,0.0
5.0,72998.0,30377.0,41.61346886216061,10496.0,14.37847612263349,1694.0,1.0
3.0,255857.0,156558.0,61.18964890544327,23497.0,9.18364555200756,5198.0,1.0
2.0,229569.0,134592.0,58.62812487748782,23664.0,10.3080119702573,4059.0,0.0
4.0,101978.0,51335.0,50.33928886622605,9794.0,9.60403224224832,2669.0,1.0
5.0,68466.0,27395.0,40.01256097917214,2217.0,3.2381035842608,1405.0,1.0
4.0,221844.0,115779.0,52.18937631849408,20329.0,9.16364652638791,4961.0,0.0
2.0,135464.0,72727.0,53.68732652217564,12640.0,9.3308923404004,2399.0,0.0
5.0,40719.0,8417.0,20.67093985608684,6091.0,14.95861882659201,1316.0,1.0
1.0,945016.0,525761.0,55.63514268541485,77755.0,8.22790301963141,18979.0,0.0
1.0,2225821.0,1641531.0,73.7494614346796,305235.0,13.71336688799324,30547.0,1.0
5.0,58701.0,32790.0,55.85935503654112,4278.0,7.28778044667041,1544.0,0.0
3.0,444766.0,271959.0,61.14653548157908,42579.0,9.5733486822284,6483.0,0.0
5.0,22034.0,4086.0,18.544068258146503,1895.0,8.60034492148497,672.0,1.0
2.0,1609379.0,1126962.0,70.02464925912417,158313.0,9.83689982285092,21547.0,1.0
4.0,102371.0,37097.0,36.23780172119057,17097.0,16.701018843227082,3229.0,1.0
5.0,60869.0,26585.0,43.67576270351082,8996.0,14.779280093315151,1487.0,1.0
3.0,264610.0,151161.0,57.12595895846718,35220.0,13.310154567098753,5234.0,0.0
1.0,297645.0,148258.0,49.81034453795629,5027.0,1.68892472576391,9339.0,0.0
4.0,70057.0,34699.0,49.52966869834563,9912.0,14.14847909559358,2072.0,1.0
2.0,375492.0,218715.0,58.24757917612094,25808.0,6.87311580539665,8981.0,1.0
4.0,88795.0,36346.0,40.93248493721493,10675.0,12.0220733149389,1620.0,0.0
5.0,53230.0,17923.0,33.67086229569792,7616.0,14.307721209844072,1017.0,1.0
4.0,76544.0,34550.0,45.1374372909699,7657.0,10.00339673913043,1899.0,0.0
1.0,658708.0,363838.0,55.235096583007945,71130.0,10.79841143571962,12000.0,0.0
5.0,35917.0,13785.0,38.38015424450817,6556.0,18.25319486594092,550.0,1.0
1.0,555394.0,339121.0,61.059536113101686,79012.0,14.22629700716968,8833.0,1.0
5.0,42485.0,15059.0,35.44545133576556,7194.0,16.933035188890187,961.0,0.0
4.0,139018.0,98867.0,71.11812858766491,8591.0,6.17977528089887,4646.0,0.0
4.0,65377.0,24665.0,37.72733530140569,7873.0,12.04246141609434,1709.0,1.0
4.0,66415.0,29489.0,44.40111420612813,11442.0,17.22803583527817,1755.0,0.0
6.0,36930.0,12588.0,34.08610885458976,5727.0,15.50771730300568,1066.0,1.0
1.0,889226.0,599842.0,67.45664206849553,86922.0,9.77501782449006,17325.0,1.0
2.0,526759.0,318383.0,60.44187189967328,45488.0,8.635448089164111,8082.0,1.0
2.0,531010.0,278524.0,52.45174290503004,65792.0,12.38997382346848,6933.0,0.0
4.0,153025.0,77660.0,50.74987747100147,15078.0,9.853291945760487,3201.0,0.0
4.0,229287.0,97893.0,42.694526946577874,32575.0,14.20708544313458,4386.0,0.0
5.0,43679.0,17227.0,39.44000549463128,6152.0,14.084571533231069,1205.0,1.0
5.0,137058.0,46260.0,33.75213413299479,16381.0,11.95187438894482,1619.0,0.0
4.0,169823.0,82452.0,48.55172738674973,21327.0,12.55836959657996,4200.0,0.0
3.0,271218.0,160053.0,59.01267614981307,23996.0,8.84749537272599,7634.0,1.0
2.0,72275.0,32670.0,45.20235212729159,12892.0,17.83742649602213,1286.0,0.0
4.0,213164.0,10994.0,5.1575312904618,18896.0,8.86453622562909,5365.0,0.0
3.0,224639.0,102407.0,45.58736461611741,30168.0,13.42954696201461,6387.0,1.0
2.0,762009.0,237931.0,31.224171892982888,63121.0,8.2834979639348,10050.0,0.0
4.0,118502.0,72175.0,60.906145043965495,13914.0,11.74157398187372,2908.0,0.0
4.0,170154.0,93139.0,54.73806081549655,17067.0,10.03032546986847,2754.0,0.0
3.0,172895.0,70234.0,40.62234304057376,24797.0,14.34223083374302,3352.0,0.0
4.0,166831.0,56463.0,33.84442939261888,20491.0,12.28248946538712,2489.0,1.0
1.0,636547.0,396385.0,62.27112844770299,102902.0,16.16565626732982,13489.0,1.0
2.0,1474273.0,982319.0,66.63073935424443,226812.0,15.38466756157102,27014.0,1.0
4.0,171256.0,88905.0,51.91350959966366,21724.0,12.68510300369038,2620.0,0.0
3.0,477082.0,269279.0,56.44291756972596,46868.0,9.82388771741545,9736.0,0.0
2.0,1150847.0,788064.0,68.47686964470516,83342.0,7.241796694087051,10755.0,0.0
3.0,99058.0,38994.0,39.36481657210927,9788.0,9.881079771447029,4736.0,0.0
3.0,540521.0,287188.0,53.1317007109807,60037.0,11.10724652696195,10493.0,0.0
1.0,1740623.0,841689.0,48.35561750017091,117269.0,6.73718547899229,37621.0,1.0
5.0,67076.0,24105.0,35.93684775478561,9775.0,14.57302164708688,1468.0,1.0
2.0,239139.0,48647.0,20.34256227549667,28063.0,11.73501603669832,3922.0,1.0
3.0,173216.0,91817.0,53.00722796970256,23027.0,13.293806576759652,3561.0,0.0
4.0,184913.0,78047.0,42.20741646071396,24269.0,13.124550464272389,3494.0,0.0
2.0,258046.0,129888.0,50.33521155142881,34985.0,13.5576602621238,4921.0,0.0
1.0,2274315.0,1595222.0,70.14076765971292,144553.0,6.355891774006669,27922.0,0.0
4.0,210758.0,80538.0,38.21349604759961,30579.0,14.509057781911,4693.0,1.0
4.0,121648.0,51778.0,42.56379060897015,1809.0,1.48707746941996,1643.0,0.0
2.0,44871.0,23356.0,52.05143633972945,6269.0,13.97116177486572,800.0,1.0
1.0,3332427.0,1708530.0,51.2698402695693,348284.0,10.45136172525309,46598.0,0.0
1.0,671666.0,444168.0,66.12929640624954,94421.0,14.05773107467104,7602.0,1.0
5.0,88411.0,34177.0,38.65695445136917,13187.0,14.91556480528441,1903.0,1.0
5.0,48353.0,18229.0,37.69983248195562,8204.0,16.966889334684502,1204.0,1.0
5.0,58780.0,8888.0,15.12078938414426,8080.0,13.74617216740387,1126.0,1.0
4.0,82346.0,33333.0,40.47919753236344,7624.0,9.258494644548607,1717.0,1.0
5.0,53926.0,23792.0,44.11971961576976,7613.0,14.11749434410117,1381.0,1.0
3.0,379453.0,197474.0,52.04175484183812,41789.0,11.0129581265664,8307.0,0.0
1.0,804041.0,445910.0,55.45861467263485,108149.0,13.45068224132849,21157.0,1.0
3.0,392973.0,244934.0,62.32845513559456,28396.0,7.225941731365761,7684.0,0.0
5.0,45542.0,9178.0,20.15282596284748,6030.0,13.24052522945852,1073.0,1.0
1.0,475327.0,294168.0,61.88750060484677,85123.0,17.90830312605848,8020.0,1.0
3.0,294997.0,129509.0,43.90180239121076,1500.0,0.50847974725166,9256.0,1.0
1.0,801582.0,516473.0,64.4317112909222,105516.0,13.16346923957873,16506.0,1.0
3.0,206426.0,100674.0,48.77001928051699,27270.0,13.210545183261798,3686.0,1.0
2.0,164436.0,95003.0,57.77506142207302,4472.0,2.71959911454912,2003.0,0.0
4.0,164306.0,105360.0,64.1242559614378,8483.0,5.16292770805691,3154.0,0.0
5.0,49170.0,29304.0,59.597315436241615,4297.0,8.739068537726249,1157.0,0.0
5.0,52812.0,25813.0,48.87714913277285,5040.0,9.54328561690524,1010.0,0.0
2.0,566753.0,368169.0,64.96110298489818,57405.0,10.12875097264593,9969.0,1.0
2.0,326225.0,182297.0,55.88075714614147,60333.0,18.49429075024906,4729.0,1.0
3.0,64081.0,36710.0,57.2868713035065,7203.0,11.240461291178349,1186.0,0.0
5.0,83664.0,35590.0,42.5392044367948,7235.0,8.64768598202333,1608.0,0.0
3.0,118451.0,65869.0,55.60864830182945,5982.0,5.05018952984778,2918.0,0.0
2.0,33127.0,4720.0,14.2481963353156,4261.0,12.86261961541944,809.0,1.0
2.0,657452.0,386058.0,58.7203324349154,74203.0,11.28645133028723,8724.0,0.0
2.0,128126.0,68301.0,53.30768150102243,14607.0,11.40049638636966,2768.0,0.0
5.0,37235.0,13417.0,36.03330200080569,6011.0,16.14341345508258,1137.0,1.0
4.0,80160.0,34360.0,42.86427145708583,9058.0,11.29990019960079,1551.0,0.0
3.0,63269.0,36166.0,57.1622753639223,10316.0,16.30498348322243,2094.0,1.0
3.0,369772.0,179239.0,48.47284272470603,39379.0,10.64953538937507,9488.0,1.0
4.0,84447.0,44915.0,53.18720617665518,10562.0,12.50725306997288,1746.0,1.0
4.0,121630.0,69588.0,57.212858669736086,11866.0,9.75581682150785,2128.0,0.0
1.0,1611989.0,1189579.0,73.79572689391802,158234.0,9.81607194590037,30337.0,1.0
3.0,237479.0,101994.0,42.9486396691918,1813.0,0.76343592486072,8116.0,1.0
3.0,327171.0,226034.0,69.08741911722005,26666.0,8.15047788465359,4547.0,0.0
4.0,106580.0,39851.0,37.39069243760555,14825.0,13.90973916306999,4037.0,1.0
3.0,243216.0,113731.0,46.761315045062815,30324.0,12.46792974146437,4712.0,1.0
5.0,35934.0,18635.0,51.858963655590806,6281.0,17.479267546056658,1032.0,1.0
4.0,156920.0,75781.0,48.29276064236553,12148.0,7.7415243436145795,3630.0,0.0
5.0,43100.0,18001.0,41.76566125290023,6728.0,15.61020881670533,1030.0,1.0
2.0,826017.0,525432.0,63.6103131049361,79540.0,9.62934176899506,16110.0,0.0
2.0,147988.0,40918.0,27.64953915182312,16862.0,11.39416709462929,1524.0,0.0
2.0,627987.0,403337.0,64.22696648179023,66738.0,10.62729005536738,11652.0,0.0
5.0,75863.0,37402.0,49.30203129325231,6636.0,8.7473471916481,1504.0,0.0
3.0,326205.0,123499.0,37.85932159225028,54262.0,16.634325041001823,8119.0,1.0
5.0,67993.0,25638.0,37.70682276116659,1309.0,1.92519818216581,1537.0,1.0
2.0,491087.0,341964.0,69.63409742061997,55833.0,11.36926858173806,9803.0,1.0
2.0,63143.0,26557.0,42.05850213008568,9541.0,15.1101468096226,1956.0,1.0
2.0,1152333.0,815231.0,70.7461298079635,94962.0,8.24084704681719,15145.0,0.0
2.0,169092.0,110393.0,65.285761597237,14649.0,8.66333120431481,3228.0,0.0
1.0,1662323.0,1179268.0,70.94096634649223,115548.0,6.95099568495412,20262.0,0.0
5.0,86020.0,37349.0,43.41897233201581,11198.0,13.017902813299232,2313.0,0.0
5.0,72916.0,32233.0,44.20566130890339,8855.0,12.14411103187229,1753.0,1.0
4.0,103138.0,51216.0,49.65774011518548,17351.0,16.82309139211542,2512.0,1.0
3.0,155975.0,72094.0,46.22150985734893,1484.0,0.95143452476358,2091.0,0.0
4.0,109663.0,56178.0,51.227852602974565,13946.0,12.71714251844286,2348.0,0.0
3.0,439729.0,218519.0,49.69401608718097,1438.0,0.32701959616036,11821.0,1.0
4.0,85568.0,38026.0,44.439510097232606,10777.0,12.59466155572176,2369.0,1.0
5.0,61238.0,22756.0,37.15993337470198,8221.0,13.42467095594239,1310.0,0.0
2.0,192335.0,106562.0,55.40437257909376,16735.0,8.70096446304624,2408.0,0.0
3.0,281295.0,132021.0,46.93329067349224,38961.0,13.85058390657494,6609.0,0.0
3.0,209066.0,147521.0,70.56192781226981,14834.0,7.095367013287671,2804.0,0.0
5.0,68739.0,31041.0,45.15777069785711,6224.0,9.054539635432567,1606.0,0.0
1.0,232226.0,93632.0,40.319344087225375,19911.0,8.57397535159715,6324.0,0.0
2.0,446596.0,293061.0,65.62105348010282,51605.0,11.55518634291395,7010.0,0.0
4.0,171346.0,86229.0,50.32448962917139,23396.0,13.65424346060018,2944.0,0.0
2.0,221428.0,69213.0,31.257564535650417,32512.0,14.68287660097187,2672.0,0.0
2.0,333766.0,170867.0,51.19365064146738,29477.0,8.83163653577656,7149.0,0.0
3.0,235987.0,94340.0,39.976778381860015,28337.0,12.007864840012369,2911.0,0.0
1.0,800501.0,483596.0,60.41166719342012,104779.0,13.089177902338662,14973.0,1.0
3.0,67883.0,23140.0,34.08806328535863,9633.0,14.19059263733188,1457.0,0.0
4.0,102902.0,51213.0,49.7687119783872,14053.0,13.65668305766652,1994.0,0.0
2.0,140002.0,78646.0,56.17491178697447,15906.0,11.36126626762474,2251.0,0.0
4.0,76648.0,31028.0,40.48116063041436,5079.0,6.626395992067629,1340.0,0.0
5.0,55720.0,26182.0,46.98851399856425,8385.0,15.04845656855707,1135.0,1.0
2.0,688726.0,370345.0,53.77247265240458,87188.0,12.659315896307092,8945.0,0.0
2.0,185770.0,83192.0,44.78225763040319,25701.0,13.83484954513646,2889.0,1.0
1.0,158726.0,89417.0,56.334185955672034,12869.0,8.10768242127943,1707.0,1.0
5.0,126032.0,66143.0,52.48111590707122,10799.0,8.56845880411324,2373.0,0.0
4.0,86477.0,20370.0,23.55539623252425,7164.0,8.284283682366409,2866.0,1.0
2.0,500382.0,302956.0,60.54494366304144,79582.0,15.90424915364661,7755.0,1.0
3.0,942426.0,676808.0,71.81550593892783,102843.0,10.91258093473652,13945.0,1.0
6.0,25456.0,14271.0,56.06143934632307,2643.0,10.38262099308611,1713.0,0.0
5.0,134977.0,78270.0,57.98765715640442,8111.0,6.00917193299599,2418.0,0.0
5.0,29282.0,11128.0,38.002868656512526,2591.0,8.84843931425449,727.0,1.0
5.0,26973.0,5476.0,20.301783264746227,3810.0,14.12523634745857,1064.0,1.0
3.0,279874.0,160681.0,57.41190678662541,29692.0,10.609059791191749,6860.0,0.0
5.0,76029.0,40813.0,53.68083231398545,7094.0,9.33065014665456,1363.0,0.0
5.0,57632.0,22674.0,39.34272626318711,9453.0,16.402345918933918,1250.0,0.0
6.0,71658.0,21081.0,29.41890647241061,10994.0,15.34232046666108,1383.0,0.0
5.0,65530.0,28381.0,43.30993438119945,5227.0,7.97649931329162,1856.0,0.0
5.0,85343.0,41906.0,49.10303129723586,13426.0,15.7318116307137,2278.0,1.0
2.0,1507600.0,890996.0,59.10029185460335,137405.0,9.114154948262131,32326.0,1.0
5.0,72560.0,40078.0,55.23428886438809,8096.0,11.15766262403528,2414.0,0.0
3.0,162583.0,82876.0,50.97457913804027,15342.0,9.43641094087327,2536.0,0.0
2.0,909612.0,568539.0,62.5034630149998,94282.0,10.36507873686802,11023.0,1.0
2.0,198792.0,94810.0,47.693066119360935,15843.0,7.969636605094769,6103.0,1.0
5.0,38397.0,17508.0,45.59731229002265,6187.0,16.11323801338646,871.0,1.0
1.0,586131.0,333472.0,56.89376606935992,58694.0,10.01380237523693,17532.0,0.0
2.0,292646.0,59185.0,20.22409327310129,27274.0,9.31979251382216,2713.0,0.0
5.0,52222.0,19292.0,36.94228486078664,7317.0,14.011336218451987,1487.0,1.0
5.0,80929.0,36492.0,45.09137639165194,15381.0,19.00554807300226,2492.0,1.0
3.0,52403.0,33900.0,64.69095280804534,6506.0,12.41531973360303,1260.0,0.0
3.0,519907.0,229636.0,44.168668627273725,71557.0,13.763423073742027,11547.0,0.0
5.0,36451.0,14472.0,39.70261446873885,3965.0,10.87761652629557,1074.0,1.0
2.0,917481.0,572580.0,62.40783187880729,104116.0,11.34802791556446,13723.0,0.0
4.0,93368.0,38098.0,40.80412989461057,12103.0,12.96268528832148,2798.0,1.0
5.0,111364.0,54062.0,48.54531087245429,10360.0,9.30282676627994,2924.0,0.0
3.0,366473.0,241052.0,65.77619633642861,26077.0,7.11566745708415,7346.0,0.0
4.0,130367.0,68099.0,52.23637883820293,19814.0,15.198631555531689,4744.0,1.0
2.0,406204.0,219000.0,53.91379700839972,3969.0,0.97709525263168,5999.0,0.0
5.0,78729.0,31548.0,40.07163815112601,7278.0,9.24436992721868,1951.0,1.0
1.0,389476.0,238448.0,61.22277110784746,1933.0,0.4963078597911,7872.0,0.0
2.0,30446.0,10402.0,34.16540760691059,4407.0,14.47480785653287,1625.0,1.0
4.0,121007.0,55729.0,46.05436049154181,14538.0,12.01418099779351,3820.0,1.0
2.0,245348.0,138581.0,56.48344392454799,37731.0,15.378564324958829,2390.0,0.0
5.0,37757.0,13379.0,35.43448896893291,3197.0,8.46730407606536,1184.0,1.0
2.0,98532.0,63925.0,64.8774002354565,13242.0,13.43928875898185,993.0,0.0
5.0,48998.0,16421.0,33.513612800522466,7845.0,16.010857586023917,1012.0,1.0
2.0,136445.0,70509.0,51.67576679248048,17247.0,12.64025797940562,2054.0,0.0
4.0,55411.0,23741.0,42.8452834274783,7669.0,13.84021223222825,1364.0,1.0
3.0,790767.0,429473.0,54.31094114954216,57142.0,7.22614878971934,15868.0,0.0
3.0,264999.0,187558.0,70.77687085611643,23377.0,8.82154272280272,4562.0,0.0
2.0,294635.0,152180.0,51.65034703955742,31624.0,10.733280160198207,3685.0,0.0
4.0,134510.0,56549.0,42.0407404653929,15094.0,11.22147052263772,3288.0,1.0
4.0,179027.0,77003.0,43.0119479184704,20342.0,11.362531908594791,4798.0,0.0
2.0,100926.0,37967.0,37.61865128906327,14355.0,14.22329231317995,1562.0,0.0
6.0,57057.0,27470.0,48.14483761852183,5442.0,9.53783059046217,2508.0,1.0
3.0,320650.0,190214.0,59.32137845002339,15915.0,4.96335568376734,5525.0,0.0
5.0,65834.0,39517.0,60.02521493453232,4723.0,7.17410456602971,1547.0,0.0
3.0,371662.0,184791.0,49.72017585871033,58964.0,15.86495256442681,11061.0,1.0
4.0,115926.0,47250.0,40.758759898555965,14116.0,12.17673343339716,2543.0,0.0
5.0,50114.0,17781.0,35.48110308496627,4546.0,9.07131739633635,1023.0,1.0
5.0,93592.0,58006.0,61.9775194461065,6251.0,6.678989657235659,2768.0,0.0
4.0,123967.0,54592.0,44.03752611582114,14255.0,11.49902796712028,2848.0,0.0
2.0,570412.0,287601.0,50.41987195220297,38196.0,6.69621256214806,13098.0,0.0
3.0,367239.0,223278.0,60.799098135002005,39619.0,10.78834219677104,5849.0,1.0
3.0,829212.0,505157.0,60.92012657800417,94610.0,11.40962745353419,14463.0,1.0
5.0,44294.0,24292.0,54.84264234433558,6505.0,14.68596198130672,925.0,1.0
5.0,99035.0,41962.0,42.37087898217802,15954.0,16.109456252839898,2070.0,1.0
3.0,370802.0,241342.0,65.08648820664398,44292.0,11.94491939094179,10140.0,1.0
4.0,163084.0,100083.0,61.36898776090849,18048.0,11.06668955875499,3130.0,0.0
3.0,282249.0,149788.0,53.06945285900039,27939.0,9.89870646131607,4331.0,0.0
1.0,866606.0,655200.0,75.60529237046593,51471.0,5.939377294872171,11938.0,0.0
2.0,125746.0,88285.0,70.20899273137913,11316.0,8.99909341052598,2038.0,0.0
2.0,618381.0,372802.0,60.28678112684575,89489.0,14.47149896261366,12566.0,1.0
4.0,130786.0,70798.0,54.13270533543345,19342.0,14.78904469897389,2856.0,1.0
4.0,135965.0,92781.0,68.23888500717096,12155.0,8.93980068399955,2326.0,0.0
3.0,290609.0,152714.0,52.54964574393773,14235.0,4.89833418786066,6142.0,0.0
4.0,212820.0,108393.0,50.93177332957429,15346.0,7.210788459731219,4150.0,1.0
2.0,305888.0,163340.0,53.3986295637619,33051.0,10.80493513965896,3244.0,0.0
3.0,359232.0,197002.0,54.83976928558703,48105.0,13.39106761090326,3538.0,0.0
2.0,582777.0,394373.0,67.67133912285487,47396.0,8.13278492459379,8894.0,0.0
2.0,110091.0,67407.0,61.22843829195848,8490.0,7.711802054663861,2028.0,0.0
2.0,188275.0,85585.0,45.45744257070774,2331.0,1.23808259195326,3458.0,1.0
2.0,265274.0,76640.0,28.890882634558977,34515.0,13.0110753409682,2910.0,0.0
2.0,216246.0,94418.0,43.66231051672632,29474.0,13.629847488508458,2528.0,0.0
3.0,262945.0,152390.0,57.955085664302416,37798.0,14.374869269238811,5923.0,0.0
5.0,36818.0,14926.0,40.53995328371992,4046.0,10.98919007007442,826.0,1.0
3.0,127983.0,52946.0,41.36955689427502,24740.0,19.33069235757874,1933.0,1.0
5.0,39869.0,13359.0,33.50723619855025,4972.0,12.4708420075748,1648.0,1.0
3.0,160307.0,77608.0,48.41210926534711,25438.0,15.868302694205491,3621.0,1.0
4.0,101233.0,53894.0,53.23758063082197,12530.0,12.37738682050319,2123.0,0.0
5.0,37625.0,12338.0,32.79202657807309,3988.0,10.59933554817275,859.0,1.0
4.0,217206.0,76393.0,35.17075955544506,29859.0,13.74685782160714,6877.0,0.0
1.0,694176.0,393138.0,56.63376434794635,112810.0,16.25092195639146,19059.0,1.0
4.0,251879.0,133090.0,52.838863104903545,38546.0,15.30337979744242,4064.0,1.0
3.0,418735.0,235465.0,56.23246205834239,33140.0,7.914313348537851,6882.0,0.0
5.0,103352.0,51578.0,49.9051784193823,12171.0,11.7762597724282,2693.0,1.0
3.0,322364.0,151343.0,46.94786018289884,30258.0,9.38628382821903,10107.0,1.0
5.0,94657.0,50205.0,53.03886664483345,8360.0,8.83188776318708,1791.0,0.0
3.0,214251.0,103892.0,48.4907888411256,29427.0,13.73482504165674,2925.0,0.0
4.0,110652.0,64695.0,58.46708599934931,6591.0,5.95651230886021,1935.0,0.0
2.0,385648.0,190425.0,49.37793013317844,44859.0,11.63211011077459,6409.0,0.0
4.0,170628.0,62674.0,36.73136882574958,24157.0,14.15769979135898,3568.0,0.0
6.0,20452.0,2254.0,11.02092704869939,2858.0,13.974183453940933,454.0,1.0
5.0,64494.0,22965.0,35.6079635314913,7995.0,12.39650200018606,1144.0,0.0
4.0,106360.0,46362.0,43.58969537420082,14651.0,13.77491538172245,2276.0,0.0
1.0,735538.0,482746.0,65.63168728196231,82687.0,11.24170335183226,9910.0,0.0
2.0,124797.0,77102.0,61.7819338605896,11679.0,9.35839803841438,1573.0,0.0
2.0,942627.0,285099.0,30.245155294724206,93962.0,9.96809978920612,8656.0,0.0
5.0,61793.0,27864.0,45.09248620393896,9571.0,15.48880941206933,1484.0,1.0
5.0,78612.0,36329.0,46.21304635424617,9484.0,12.06431588052714,1881.0,0.0
4.0,122134.0,49281.0,40.34994350467519,16824.0,13.77503397907216,2394.0,1.0
4.0,201769.0,121905.0,60.418101888793615,15859.0,7.8599784902537,3328.0,0.0
3.0,681666.0,371769.0,54.53829294698577,68287.0,10.01766260896098,15164.0,1.0
4.0,108594.0,45355.0,41.76565924452548,16727.0,15.40324511483139,2431.0,0.0
3.0,333983.0,169581.0,50.775338864552985,38981.0,11.67155214486964,3397.0,0.0
5.0,80015.0,32544.0,40.67237392988814,13214.0,16.5144035493345,1850.0,0.0
2.0,1051816.0,806693.0,76.69525848627516,82814.0,7.87343033382264,14532.0,1.0
3.0,130777.0,66637.0,50.95467857497879,19754.0,15.1051025791997,1973.0,0.0
4.0,206161.0,78907.0,38.27445540136107,33064.0,16.03795092185234,3663.0,1.0
5.0,72654.0,26985.0,37.14179535882401,8046.0,11.07440746552151,2134.0,1.0
2.0,506809.0,299484.0,59.09208400008682,64959.0,12.81725462649637,12078.0,0.0
3.0,202079.0,67744.0,33.52352297863706,22769.0,11.26737563032279,7979.0,1.0
3.0,116540.0,66745.0,57.27218122533036,10990.0,9.43023854470568,1734.0,0.0
3.0,198538.0,116125.0,58.490062355821046,20084.0,10.1159475767863,5339.0,0.0
1.0,1128945.0,602064.0,53.32979020235706,143880.0,12.74464212162682,14496.0,1.0
2.0,88097.0,36901.0,41.8867838859439,13157.0,14.934674279487382,1094.0,1.0
1.0,240119.0,160355.0,66.78147085403488,16755.0,6.977790179036219,2757.0,1.0
5.0,42103.0,24171.0,57.40921074507754,6157.0,14.62366102177992,1424.0,1.0
5.0,71683.0,32466.0,45.29107319727132,10645.0,14.85010392980204,1868.0,1.0
3.0,93155.0,37765.0,40.53996028125167,13878.0,14.89775106006118,1403.0,0.0
6.0,33342.0,22607.0,67.80337112350789,2161.0,6.48131485813688,1137.0,0.0
3.0,450448.0,244373.0,54.25110112599012,52852.0,11.73320782865058,8311.0,0.0
4.0,155637.0,69386.0,44.5819438822388,18062.0,11.60520955813848,3227.0,1.0
2.0,103419.0,52961.0,51.21012579893444,9077.0,8.77691720090118,1880.0,0.0
4.0,206591.0,59494.0,28.797963125208742,17519.0,8.480040272809559,5848.0,1.0
3.0,182447.0,95822.0,52.52045799602077,29568.0,16.20635033735824,5506.0,1.0
5.0,96513.0,44993.0,46.61859024172909,7309.0,7.57307305751556,1978.0,0.0
4.0,112245.0,42565.0,37.92151098044456,15817.0,14.09149628045792,4363.0,1.0
4.0,55307.0,24287.0,43.91306706203555,8811.0,15.93107563237926,1276.0,1.0
5.0,103953.0,49951.0,48.05152328456129,12022.0,11.56484180350735,1571.0,0.0
2.0,930394.0,636999.0,68.46551031068559,115635.0,12.42860551551278,16512.0,1.0
6.0,47177.0,17958.0,38.06515886978824,8749.0,18.54505373381096,1025.0,0.0
4.0,96212.0,40184.0,41.76609986280297,3898.0,4.05146967114289,2317.0,1.0
3.0,268426.0,145628.0,54.25256867814593,23858.0,8.88811068972454,6593.0,0.0
3.0,177652.0,92073.0,51.82773061941324,25956.0,14.61058699029563,5984.0,1.0
2.0,121633.0,26898.0,22.11406443974908,12410.0,10.202823246980673,2757.0,1.0
2.0,432346.0,249751.0,57.76646482215633,1555.0,0.35966563816942,10780.0,1.0
4.0,98391.0,42034.0,42.72138711874053,10193.0,10.359687369779753,1569.0,0.0
3.0,360428.0,215600.0,59.81777220415728,30788.0,8.54206665408902,5250.0,0.0
2.0,170980.0,88212.0,51.59199906421805,21274.0,12.44239092291496,3179.0,0.0
2.0,614237.0,294440.0,47.93589445116461,88461.0,14.4017700008303,13452.0,1.0
5.0,59534.0,39701.0,66.68626331172104,4482.0,7.528471125743271,1197.0,0.0
2.0,265161.0,173747.0,65.52509607370617,25983.0,9.79895233461934,3643.0,0.0
5.0,47073.0,22763.0,48.35680751173709,6092.0,12.94160134259554,876.0,1.0
5.0,44332.0,18796.0,42.39826761707119,6458.0,14.56735540918524,893.0,0.0
4.0,109071.0,39220.0,35.9582290434671,20411.0,18.71349854681812,2327.0,0.0
2.0,115821.0,38879.0,33.56817848231322,9919.0,8.5640773262189,2215.0,1.0
4.0,69481.0,34539.0,49.70999265986385,2462.0,3.5434147464774504,1270.0,0.0
4.0,113469.0,46287.0,40.7926393993073,17644.0,15.549621482519449,3031.0,1.0
3.0,131113.0,72414.0,55.23022125952423,14928.0,11.38559868205288,2305.0,0.0
5.0,49053.0,23203.0,47.30189794711842,6603.0,13.46095040058712,1256.0,1.0
3.0,227966.0,118618.0,52.0331979330251,3592.0,1.57567356535623,9324.0,1.0
5.0,63353.0,31010.0,48.94795826559121,8914.0,14.07036762268558,1957.0,1.0
4.0,77574.0,48316.0,62.2837548663212,9354.0,12.05816381777399,1819.0,0.0
4.0,130789.0,76594.0,58.56302900090986,8612.0,6.5846516144324,2441.0,0.0
5.0,73719.0,39768.0,53.945387213608434,9311.0,12.63039379264504,2152.0,0.0
4.0,155603.0,67544.0,43.40790344659164,20207.0,12.98625347840337,3707.0,0.0
5.0,85466.0,33510.0,39.20857416984531,2.0,0.00234011185734,4179.0,1.0
5.0,54303.0,27881.0,51.34338802644422,8627.0,15.88678341896396,1357.0,0.0
3.0,123968.0,53365.0,43.04739932885906,12450.0,10.042914300464629,1890.0,0.0
3.0,143802.0,56921.0,39.58289870794564,2559.0,1.77953018734092,3103.0,1.0
4.0,101980.0,39032.0,38.27417140615807,13424.0,13.16336536575799,2953.0,1.0
2.0,226568.0,97673.0,43.1097948518767,35193.0,15.53308498993679,4467.0,1.0
4.0,182991.0,98943.0,54.06987228880109,1345.0,0.73500882557065,4408.0,1.0
4.0,212744.0,102497.0,48.17856202760124,20944.0,9.84469597262437,4391.0,0.0
3.0,271484.0,144410.0,53.19282167641556,11776.0,4.33764052393511,5949.0,0.0
5.0,60221.0,22875.0,37.98508825824878,6479.0,10.75870543498115,1816.0,0.0
2.0,247011.0,101198.0,40.96902567092154,24904.0,10.08214209083806,3586.0,0.0
5.0,43831.0,22801.0,52.02025963359266,5454.0,12.44324792954758,1069.0,0.0
3.0,337186.0,169723.0,50.33512660667999,28682.0,8.50628436530579,7018.0,0.0
5.0,83697.0,38265.0,45.71848453349582,8714.0,10.41136480399536,1768.0,0.0
5.0,65778.0,29155.0,44.32332998875004,9427.0,14.33153942047493,2190.0,1.0
2.0,833869.0,511316.0,61.31850446532968,77835.0,9.33419997625526,17025.0,1.0
4.0,123312.0,82766.0,67.11917737122097,17568.0,14.24678863370961,2505.0,1.0
3.0,767967.0,396427.0,51.62031701883023,96252.0,12.5333510424276,11866.0,1.0
4.0,162990.0,73779.0,45.26596723725382,22126.0,13.575065954966558,4316.0,1.0
5.0,36225.0,16149.0,44.57971014492753,6419.0,17.71980676328502,975.0,1.0
3.0,901362.0,392779.0,43.576165846796286,131983.0,14.6426186149405,13247.0,1.0
2.0,165265.0,79617.0,48.17535473330711,26287.0,15.90596920098024,4062.0,1.0
2.0,709409.0,487332.0,68.69549159934537,68782.0,9.69567626009819,9979.0,0.0
1.0,2315963.0,1110192.0,47.936517120523945,308864.0,13.33630977696966,40201.0,1.0
5.0,59652.0,28793.0,48.26828941192248,6474.0,10.85294709314021,1702.0,1.0
5.0,71830.0,20242.0,28.18042600584713,12896.0,17.95350132256717,906.0,1.0
4.0,105260.0,58070.0,55.168155044651336,12763.0,12.12521375641269,2498.0,0.0
5.0,105851.0,38652.0,36.51547930581666,15313.0,14.46656148737376,2275.0,0.0
2.0,385315.0,237004.0,61.5091548473327,35112.0,9.112544281951129,5738.0,1.0
4.0,56418.0,20259.0,35.90875252578964,9202.0,16.31039739090361,1322.0,0.0
4.0,152692.0,58195.0,38.11267125979095,29804.0,19.51903177638645,1981.0,1.0
5.0,73751.0,33532.0,45.4665021491234,1141.0,1.54709766647231,2877.0,1.0
5.0,38219.0,16211.0,42.41607577382977,3714.0,9.71767968811324,1048.0,0.0
6.0,46085.0,17242.0,37.41347510035803,5956.0,12.92394488445264,1150.0,1.0
5.0,44372.0,10580.0,23.84386550076624,5223.0,11.77093662670152,1486.0,1.0
3.0,468680.0,203801.0,43.48404028334898,72199.0,15.40475377656396,6646.0,1.0
2.0,159293.0,72622.0,45.59020170377857,15573.0,9.77632413225942,3458.0,1.0
5.0,70824.0,71941.0,101.57714898904328,13450.0,18.9907376030724,1231.0,1.0
2.0,160607.0,83516.0,52.00022414963234,24191.0,15.062232654865602,2283.0,0.0
2.0,173251.0,110707.0,63.89977547027146,22548.0,13.01464349412124,2995.0,1.0
5.0,64334.0,28421.0,44.17726241178848,8445.0,13.12680697609351,1286.0,0.0
5.0,42242.0,17928.0,42.44117229297855,3436.0,8.13408456039013,1804.0,1.0
2.0,226543.0,87363.0,38.56353981363361,1606.0,0.70891618809674,3118.0,0.0
2.0,140249.0,64475.0,45.97180728561344,18385.0,13.10882787043044,1312.0,0.0
5.0,90258.0,49705.0,55.06991070043653,10689.0,11.84271754304327,1586.0,1.0
3.0,608459.0,343609.0,56.47200550899897,27861.0,4.5789445139278,15500.0,0.0
5.0,61603.0,25728.0,41.764199795464506,9777.0,15.87098030940051,1745.0,0.0
3.0,349204.0,194940.0,55.82410281669168,31745.0,9.09067479181223,5658.0,0.0
4.0,196659.0,102903.0,52.32559913352554,31953.0,16.24792152914435,5127.0,1.0
3.0,1000918.0,512108.0,51.16383160258883,134404.0,13.428073028959412,16337.0,1.0
3.0,294074.0,169100.0,57.50253337595299,16581.0,5.63837673510749,4843.0,0.0
4.0,162038.0,80223.0,49.50875720510004,24648.0,15.21124674459077,3312.0,1.0
2.0,359921.0,179257.0,49.80454044081896,47797.0,13.27985863564504,4322.0,1.0
2.0,96875.0,21414.0,22.10477419354838,11403.0,11.77083870967742,1813.0,1.0
2.0,93271.0,51742.0,55.4749064553827,7867.0,8.43456165367584,1794.0,1.0
3.0,106871.0,60927.0,57.00985300034621,1732.0,1.62064545105781,1918.0,0.0
5.0,44590.0,20781.0,46.60461986992599,5695.0,12.77192195559542,741.0,1.0
4.0,176253.0,56062.0,31.807685542941112,1245.0,0.70637095538799,5974.0,0.0
2.0,431807.0,256016.0,59.28945107420677,51910.0,12.02157445340163,4172.0,0.0
4.0,189868.0,91546.0,48.21560241852234,21264.0,11.1993595550593,5365.0,1.0
6.0,71875.0,52044.0,72.40904347826087,14563.0,20.2615652173913,1054.0,1.0
1.0,4579081.0,2211062.0,48.28615174092793,670789.0,14.64898742782667,81663.0,1.0
4.0,50829.0,21400.0,42.10194967439847,7022.0,13.81494815951523,985.0,1.0
1.0,451231.0,232871.0,51.60793473852638,43008.0,9.53126004197406,6388.0,0.0
5.0,46108.0,18774.0,40.717445996356375,7031.0,15.24898065411642,808.0,1.0
3.0,158755.0,79508.0,50.08220213536582,23765.0,14.96960725646436,6553.0,1.0
2.0,40869.0,19100.0,46.7346888839952,4482.0,10.96674741246421,962.0,1.0
3.0,316982.0,180519.0,56.94929049599031,35240.0,11.117350512016449,7934.0,0.0
5.0,81755.0,34935.0,42.73133141703871,10927.0,13.36554339184147,1087.0,0.0
2.0,421596.0,256631.0,60.87130807692672,25944.0,6.15375857455953,6544.0,0.0
3.0,105624.0,63016.0,59.66068317806559,11350.0,10.745663864273268,1831.0,1.0
5.0,179610.0,124305.0,69.20828461666945,15030.0,8.36813095039251,2754.0,0.0
3.0,538866.0,302806.0,56.19319088604588,54248.0,10.0670667661348,12547.0,0.0
2.0,178100.0,86554.0,48.5985401459854,19475.0,10.93486805165637,2959.0,0.0
3.0,459214.0,303670.0,66.12821037686133,43235.0,9.41500041375045,10899.0,0.0
5.0,49019.0,19494.0,39.76825312633876,8269.0,16.86896917521777,993.0,1.0
6.0,36281.0,11675.0,32.17937763567707,5803.0,15.99459772332626,797.0,1.0
4.0,128672.0,65743.0,51.093477990549616,16070.0,12.48911962198458,3532.0,1.0
5.0,76420.0,34581.0,45.25124313007066,8749.0,11.44857367181366,2037.0,1.0
2.0,422784.0,259561.0,61.3932882985165,30502.0,7.2145587344838,3388.0,0.0
5.0,46392.0,22697.0,48.92438351439903,6222.0,13.4117951370926,885.0,0.0
2.0,519883.0,302943.0,58.27138029133479,67792.0,13.03985704475814,7651.0,1.0
4.0,182924.0,84614.0,46.25636876517023,26519.0,14.49727755789289,4397.0,0.0
4.0,98360.0,47450.0,48.24115494103294,16360.0,16.63277755185034,4485.0,1.0
5.0,62423.0,24064.0,38.549893468753496,6061.0,9.7095621806065,1140.0,0.0
1.0,1211358.0,738536.0,60.96760825453747,114844.0,9.48059945944964,32774.0,0.0
3.0,196442.0,62248.0,31.687724621007728,16312.0,8.30372323637511,5852.0,1.0
4.0,46950.0,22537.0,48.00212992545261,4472.0,9.52502662406815,2190.0,0.0
3.0,196800.0,97110.0,49.34451219512195,18896.0,9.60162601626016,4134.0,0.0
2.0,64162.0,34269.0,53.41011813846202,6865.0,10.69947944266076,1212.0,0.0
2.0,206803.0,119896.0,57.97594812454365,20540.0,9.93215765728737,4680.0,0.0
