FIPS,POPESTIMATE2020,Case_Count,% Pop Cases,Total_Vaccines,% Vaccinated
1001,56145,9287,0.16541098940244012,19578,0.34870424792946836
1003,229287,32575,0.14207085443134587,97893,0.4269452694657787
1005,24589,2897,0.11781691000040669,9298,0.3781365651307495
1007,22136,3853,0.17406035417419588,6838,0.30890856523310445
1009,57879,9928,0.17153026140741892,15925,0.27514297068021215
1015,113469,17644,0.15549621482519455,46287,0.407926393993073
1017,32865,4934,0.15012931690247985,9185,0.2794766468887875
1019,26294,2497,0.09496463071423138,7383,0.2807864912147258
1021,44397,5744,0.12937811113363515,13765,0.31004347140572563
1025,23291,4181,0.1795113992529303,10742,0.4612081920054957
1031,53230,7616,0.14307721209844074,17923,0.3367086229569791
1033,55411,7669,0.13840212232228258,23741,0.428452834274783
1039,36930,5727,0.15507717303005686,12588,0.34086108854589764
1043,84515,12931,0.1530024256049222,28920,0.34218777731763594
1045,48959,7571,0.15463959639698524,22918,0.46810596621663025
1047,36098,4124,0.11424455648512383,14114,0.3909911906476813
1049,71658,10994,0.15342320466661086,21081,0.29418906472410616
1051,82158,12307,0.14979673312398062,30928,0.37644538572019764
1053,36281,5803,0.1599459772332626,11675,0.32179377635677076
1055,102371,17097,0.16701018843227086,37097,0.3623780172119057
1059,31507,5193,0.16482051607579268,12107,0.38426381439045293
1061,26411,4064,0.15387527923971073,8915,0.3375487486274658
1069,106580,14825,0.13909739163069995,39851,0.37390692437605555
1071,51582,8354,0.16195572098794153,21988,0.42627273079756506
1073,655342,102455,0.15633821729722802,332702,0.5076769076299092
1077,93368,12103,0.1296268528832148,38098,0.40804129894610575
1079,32857,3667,0.11160483306449158,13777,0.41930182305140457
1081,166831,20491,0.12282489465387128,56463,0.3384442939261888
1083,102228,12784,0.12505380130688265,32092,0.3139257346323903
1089,379453,41789,0.110129581265664,197474,0.5204175484183812
1093,29703,4074,0.13715786284213716,9573,0.3222906777093223
1095,96990,15786,0.16275904732446644,38443,0.39636044953087946
1097,412716,66209,0.1604226635264928,176826,0.4284447416625476
1099,20459,2850,0.13930299623637518,7998,0.3909281978591329
1101,224639,30168,0.1342954696201461,102407,0.45587364616117415
1103,119883,17449,0.14555024482203482,45937,0.383181935720661
1109,32966,4007,0.12154947521689013,12081,0.36646848267912396
1111,22920,2668,0.11640488656195462,6758,0.2948516579406632
1113,58237,5303,0.09105894877826812,19387,0.3328983292408606
1115,90739,13848,0.15261353993321505,31053,0.3422232997939144
1117,221428,32512,0.14682876600971873,69213,0.3125756453565042
1121,79985,10738,0.1342501719072326,25913,0.3239732449834344
1123,40133,5938,0.14795803951860065,13970,0.3480925921311639
1125,210758,30579,0.14509057781911006,80538,0.38213496047599615
1127,63143,9541,0.15110146809622602,26557,0.4205850213008568
1133,23508,3658,0.1556066020078271,4621,0.19657137995575974
2020,287095,40100,0.1396750204636096,160035,0.5574287256831363
2090,95651,10049,0.10505901663338596,45924,0.48012043784173714
2110,31849,2328,0.07309491663788502,21058,0.6611824547081541
2122,59414,7186,0.12094792473154475,24234,0.40788366378294677
2170,110213,14871,0.1349296362498072,35798,0.3248074183626251
4001,71875,14563,0.20261565217391303,52044,0.7240904347826087
4003,127450,13707,0.10754805806198509,67719,0.531337779521381
4005,142481,20579,0.14443329286010065,97394,0.6835578077076944
4007,54303,8627,0.15886783418963962,27881,0.5134338802644421
4009,39211,6673,0.17018183672948917,21030,0.5363290913264135
4013,4579081,670789,0.14648987427826676,2211062,0.4828615174092793
4015,217206,29859,0.1374685782160714,76393,0.35170759555445064
4017,112112,19224,0.17147138575710005,68214,0.6084451263022692
4019,1061175,131559,0.12397483921125167,616936,0.5813706504582185
4021,480828,66146,0.13756686382656583,211313,0.4394773182926119
4023,46808,8594,0.1836010938301145,41887,0.894868398564348
4025,240226,24888,0.10360244103469234,94551,0.39359186765795545
4027,217824,40162,0.18437821360364332,123253,0.5658375569266931
5005,42242,3436,0.08134084560390133,17928,0.4244117229297855
5007,288774,27985,0.09690969408603267,127260,0.44069064389453344
5009,37625,3988,0.10599335548172757,12338,0.3279202657807309
5015,28276,3189,0.112781157165087,11250,0.39786391285896167
5019,22103,2386,0.10794914717459168,9774,0.4422024159616342
5023,24935,2202,0.08830960497292961,9873,0.39594946861840785
5027,23331,1704,0.07303587501607303,9774,0.4189276070464189
5029,21037,2284,0.10857061368065789,10042,0.47734943195322527
5031,112245,15817,0.14091496280457927,42565,0.3792151098044456
5033,63409,7635,0.12040877477960542,25743,0.4059833777539466
5035,47616,7462,0.15671202956989247,17935,0.3766591061827957
5045,126919,13276,0.10460214782656654,54438,0.4289192319510869
5051,99789,12260,0.12285923298159115,40223,0.4030804998546934
5055,45597,6706,0.14707107923766916,17385,0.38127508388709785
5057,21253,1856,0.08732884769209052,6391,0.3007104879311156
5059,33787,5742,0.16994702104359666,13003,0.38485216207417056
5063,37757,3197,0.08467304076065366,13379,0.35434488968932915
5069,65377,7873,0.12042461416094345,24665,0.37727335301405696
5071,26513,3202,0.12077094255648173,11576,0.4366159996982612
5083,21410,2022,0.09444184960298926,8902,0.4157870154133582
5085,73921,7074,0.09569675734906184,31034,0.41982657161023257
5091,43177,3458,0.08008893623920142,5633,0.1304629779743845
5093,40066,6200,0.1547446712923676,14394,0.35925722557779666
5103,23167,2730,0.11784003107868951,11211,0.4839210946605085
5111,23283,3643,0.15646609113945797,9154,0.39316239316239315
5115,64334,8445,0.1312680697609351,28421,0.4417726241178848
5119,392980,47000,0.11959896177922541,197865,0.5034989057967326
5123,24682,3775,0.15294546633173972,10994,0.4454258163844097
5125,123968,12450,0.10042914300464637,53365,0.4304739932885906
5131,127590,15113,0.1184497217650286,55350,0.43381142722783916
5139,38219,3714,0.09717679688113243,16211,0.4241607577382977
5143,243216,30324,0.12467929741464377,113731,0.46761315045062823
5145,78729,7278,0.09244369927218687,31548,0.40071638151126016
5149,21181,3450,0.16288182805344412,9234,0.4359567536943487
6001,1662323,115548,0.06950995684954127,1179268,0.7094096634649223
6005,40083,4856,0.12114861662051243,19237,0.4799291470199336
6007,212744,20944,0.09844695972624375,102497,0.48178562027601246
6009,46308,3247,0.07011747430249633,25185,0.5438585125680228
6011,21558,2872,0.13322200575192503,10964,0.5085815010668894
6013,1152333,94962,0.08240847046817196,815231,0.707461298079635
6015,27968,3243,0.11595394736842106,10248,0.3664187643020595
6017,192925,15809,0.08194376052870286,107434,0.5568692497084359
6019,1000918,134404,0.13428073028959414,512108,0.5116383160258883
6021,28283,3916,0.13845773079234877,13348,0.47194427748117246
6023,134977,8111,0.06009171932995992,78270,0.5798765715640443
6025,180267,34058,0.18893086366334383,124740,0.6919735725340744
6029,901362,131983,0.146426186149405,392779,0.43576165846796294
6031,152692,29804,0.1951903177638645,58195,0.38112671259790953
6033,64479,5932,0.09199894539307371,33469,0.5190682237627755
6035,30016,6289,0.20952158848614072,9857,0.3283915245202559
6037,9943046,1429615,0.14378038681506652,6131044,0.6166162763402684
6039,157761,21528,0.13645958126533173,70429,0.44642845823746047
6041,257332,16940,0.06582935662879082,201023,0.7811815087124804
6045,86061,6706,0.07792147430311058,51459,0.5979363474744658
6047,279252,38800,0.1389426038130434,118144,0.42307306662082994
6053,430906,49288,0.11438225506258906,258407,0.5996829935067045
6055,135965,12155,0.08939800683999559,92781,0.6823888500717097
6057,99606,8340,0.08372989578941027,55940,0.5616127542517519
6059,3166857,306694,0.0968449159529464,1985524,0.6269698947568519
6061,402950,36092,0.08956942548703313,233731,0.5800496339496215
6065,2489188,356093,0.14305588810487596,1239374,0.49790293059423396
6067,1559146,148040,0.0949494146154369,894417,0.57365827190013
6069,64055,6958,0.10862540004683476,34517,0.5388650378580907
6071,2189183,345933,0.15801922452348663,1059142,0.4838069727382316
6073,3332427,348284,0.10451361725253096,1708530,0.512698402695693
6075,866606,51471,0.05939377294872179,655200,0.7560529237046594
6077,767967,96252,0.12533351042427604,396427,0.5162031701883023
6079,282249,27939,0.09898706461316072,149788,0.5306945285900039
6081,758308,51906,0.06844975920074693,556016,0.7332324068848014
6083,444766,42579,0.09573348682228408,271959,0.6114653548157908
6085,1907105,139789,0.07329905799628232,1446849,0.7586624753225438
6087,269925,19999,0.07409095119014542,188997,0.7001833842734093
6089,179027,20342,0.11362531908594793,77003,0.430119479184704
6093,43245,3800,0.08787143022314718,20707,0.47882992253439705
6095,446935,43852,0.09811717587568662,254258,0.5688925682705539
6097,489819,39151,0.07992952498780162,335964,0.6858941772368977
6099,550081,78996,0.14360794137590646,270208,0.49121493016483025
6101,96385,12891,0.1337448773149349,49291,0.5113970016081341
6103,64494,7995,0.12396502000186063,22965,0.356079635314913
6107,468680,72199,0.15404753776563967,203801,0.4348404028334898
6109,54515,6055,0.11107034761074934,28678,0.5260570485187563
6111,841387,97126,0.11543558433871691,529235,0.6290030627998768
6113,219728,19001,0.08647509648292434,132599,0.6034688341950047
6115,80160,9058,0.11299900199600799,34360,0.4286427145708583
8001,519883,67792,0.13039857044758146,302943,0.5827138029133478
8005,657452,74203,0.1128645133028723,386058,0.587203324349154
8013,327171,26666,0.08150477884653591,226034,0.6908741911722005
8014,72236,5765,0.07980785204053381,50232,0.695387341491777
8015,20661,1908,0.09234790184405402,11748,0.5686075214171628
8029,31067,3263,0.10503106189847748,13177,0.42414780957285864
8031,735538,82687,0.11241703351832265,482746,0.6563168728196231
8035,360750,35286,0.09781288981288981,225225,0.6243243243243243
8037,54929,7327,0.13339037666806242,39650,0.7218409219173842
8039,27313,2151,0.07875370702595834,8720,0.3192618899425182
8041,728310,83725,0.11495791627191718,390344,0.5359585890623498
8043,47867,7001,0.1462594271627635,18201,0.3802410846721123
8045,60366,6946,0.11506477156014976,33482,0.5546499685253288
8059,583283,55289,0.09478932182148288,402231,0.689598359629888
8067,56564,4893,0.08650378332508309,35792,0.6327699596916767
8069,360428,30788,0.08542066654089027,215600,0.5981777220415728
8075,21974,4186,0.19049786110858288,7382,0.33594247747337763
8077,155603,20207,0.12986253478403373,67544,0.43407903446591645
8083,26408,2458,0.09307785519539534,14121,0.5347243259618297
8085,43322,4339,0.10015696412907991,17894,0.41304648908175984
8087,28941,2916,0.1007567119311703,11759,0.40630938806537437
8101,169823,21327,0.12558369596579969,82452,0.4855172738674973
8107,25560,2867,0.11216744913928013,17417,0.68141627543036
8117,30631,4327,0.1412621200744344,23478,0.7664784042310078
8119,25529,2208,0.08648987426064475,12375,0.48474284147440166
8123,333983,38981,0.11671552144869649,169581,0.5077533886455299
9001,942426,102843,0.10912580934736521,676808,0.7181550593892783
9003,889226,86922,0.09775017824490062,599842,0.6745664206849552
9005,179610,15030,0.08368130950392517,124305,0.6920828461666945
9007,161657,13241,0.0819079903746822,122741,0.7592680799470484
9009,851948,94353,0.11074971711888519,587907,0.6900738073215736
9011,264999,23377,0.08821542722802728,187558,0.7077687085611644
9013,150600,9447,0.06272908366533865,91293,0.6061952191235059
9015,116540,10990,0.09430238544705681,66745,0.5727218122533035
10001,183643,18886,0.1028408379301144,85899,0.4677499278491421
10003,561531,70195,0.1250064555652315,330083,0.587826851945841
10005,241635,28356,0.11735054938233286,138792,0.5743869886398908
12001,271218,23996,0.08847495372725998,160053,0.5901267614981307
12003,29566,3344,0.11310288845295272,9015,0.3049110464722993
12005,171322,13737,0.08018234669219365,77951,0.4549970231493912
12007,28593,3490,0.12205784632602386,10690,0.3738677298639527
12009,608459,27861,0.04578944513927808,343609,0.5647200550899897
12011,1958105,243909,0.12456380020478984,1225967,0.6260987025721297
12015,194711,10270,0.05274483722029059,111723,0.573788846033352
12017,153010,10571,0.06908698777857657,77386,0.5057577936082609
12019,221770,17824,0.08037155611669748,95609,0.43111782477341387
12021,392973,28396,0.07225941731365768,244934,0.6232845513559456
12023,72654,8046,0.11074407465521513,26985,0.37141795358824015
12027,38520,4284,0.11121495327102804,15355,0.3986240913811007
12031,966728,91010,0.09414230269527726,514363,0.5320658965086353
12033,322364,30258,0.09386283828219032,151343,0.4694786018289884
12035,118451,5982,0.05050189529847785,65869,0.5560864830182944
12039,45277,5007,0.11058594871568346,23884,0.5275084479978798
12049,26822,3220,0.1200507046454403,9993,0.372567295503691
12051,42813,4001,0.09345292317753953,17622,0.4116039520706328
12053,198792,15843,0.07969636605094772,94810,0.4769306611936094
12055,106639,7416,0.06954303772541003,48767,0.4573092395840171
12057,1497957,117307,0.07831132669362338,791423,0.5283349255018669
12061,162518,11396,0.07012146346866194,96731,0.5952017622663336
12063,46085,5956,0.12923944884452643,17242,0.37413475100358035
12069,375492,25808,0.06873115805396653,218715,0.5824757917612093
12071,790767,57142,0.07226148789719349,429473,0.5431094114954216
12073,295460,22907,0.07752995329316997,149364,0.5055303594395181
12075,42214,3232,0.07656227791727863,17376,0.4116169990998247
12081,411219,32341,0.07864665786357147,221872,0.539547054002855
12083,373513,32115,0.0859809430997047,187359,0.501613062999146
12085,162088,12809,0.07902497408814965,92756,0.5722570455555007
12086,2707303,491834,0.18166935876774784,2027846,0.7490280917946753
12087,73900,6078,0.08224627875507443,51450,0.696211096075778
12089,91113,6809,0.07473137752022214,46146,0.5064699878173258
12091,212820,15346,0.07210788459731228,108393,0.5093177332957429
12093,42297,3881,0.09175591649525972,17590,0.4158687377355368
12095,1404396,106768,0.07602414133905251,847089,0.6031696188254595
12097,385315,35112,0.09112544281951131,237004,0.615091548473327
12099,1507600,137405,0.09114154948262139,890996,0.5910029185460335
12101,570412,38196,0.06696212562148061,287601,0.5041987195220297
12103,976802,67016,0.06860755813358285,570893,0.5844510965374764
12105,744552,47375,0.06362886675477333,361755,0.48586935499468137
12107,74815,6954,0.09294927487803248,26762,0.3577090155717436
12109,278715,19034,0.06829198284986455,165991,0.595558186678148
12111,337186,28682,0.08506284365305795,169723,0.5033512660667999
12113,189139,13946,0.07373413204045702,81775,0.4323539830495033
12115,443465,25436,0.05735740137327636,276146,0.6227007768369545
12117,474171,30620,0.06457585976367175,260508,0.5493967366203332
12119,139018,8591,0.06179775280898876,98867,0.7111812858766491
12121,44851,4790,0.10679806470312814,15045,0.3354440257742302
12123,21600,2354,0.10898148148148148,7590,0.35138888888888886
12127,561497,34174,0.06086230202476594,297343,0.5295540314551992
12129,34319,2336,0.06806725137678837,13727,0.3999825169731053
12131,76648,5079,0.06626395992067634,31028,0.40481160630414365
12133,25932,2550,0.0983341045812124,7273,0.28046429122319916
13009,45099,4151,0.09204195214971507,6273,0.13909399321492716
13013,85588,8945,0.10451231481048745,15868,0.18539982240501005
13015,109426,14904,0.13620163398095517,17155,0.15677261345566867
13021,152737,16957,0.11102090521615587,36188,0.23693014790129438
13029,40755,4839,0.1187338976812661,12992,0.31878297141455036
13031,80839,8938,0.11056544489664642,20566,0.254406907556996
13033,22648,1617,0.07139703285058284,9065,0.4002560932532674
13035,25426,3133,0.12322032565090851,3382,0.13301345079839536
13039,55388,5834,0.10532967429768181,23085,0.4167870296815195
13045,121633,12410,0.10202823246980672,26898,0.22114064439749082
13047,67996,6548,0.09629978234013765,11834,0.17403964939114067
13051,289463,26910,0.09296524944466132,126244,0.43613173358943974
13055,24843,3360,0.1352493660185968,3514,0.14144829529444913
13057,265274,34515,0.13011075340968206,76640,0.28890882634558984
13059,127795,13717,0.10733596776086701,29461,0.2305332759497633
13063,292646,27274,0.0931979251382216,59185,0.2022409327310129
13067,762944,83464,0.10939728210720577,292454,0.38332302239744986
13069,43218,5579,0.12908973113054745,11833,0.27379795455597206
13071,45542,6030,0.13240525229458522,9178,0.20152825962847482
13073,160377,15234,0.09498868291587946,40524,0.2526796236368058
13077,150849,14638,0.09703743478577916,40484,0.26837433459950016
13081,22034,1895,0.08600344921484977,4086,0.185440682581465
13085,27113,2118,0.07811750820639546,3332,0.12289307712167595
13087,26457,2766,0.10454700079374078,10030,0.379105718713384
13089,762009,63121,0.08283497963934809,237931,0.31224171892982894
13091,20452,2858,0.13974183453940936,2254,0.11020927048699394
13095,86477,7164,0.0828428368236641,20370,0.23555396232524256
13097,147988,16862,0.11394167094629294,40918,0.2764953915182312
13103,65765,7063,0.10739755188930282,14179,0.2156010035733293
13107,22507,1385,0.06153641089438841,6463,0.28715510729995114
13111,26521,2592,0.09773387127182233,5334,0.20112363787187512
13113,115821,9919,0.08564077326218907,38879,0.33568178482313227
13115,98604,12874,0.1305626546590402,16986,0.1722648168431301
13117,250847,22248,0.08869151315343615,54508,0.21729580182342226
13119,23504,2241,0.09534547311095984,3283,0.1396783526208305
13121,1077402,101890,0.09457008618881346,309655,0.2874089708391111
13123,31978,3672,0.11482894489961849,4164,0.1302145224842079
13127,85568,10777,0.12594661555721764,38026,0.4443951009723261
13129,58780,8080,0.13746172167403878,8888,0.15120789384144268
13131,24491,2246,0.09170715773141154,4680,0.191090604711935
13135,942627,93962,0.09968099789206122,285099,0.30245155294724213
13137,46047,3635,0.07894108193801985,8454,0.18359502247703433
13139,206591,17519,0.08480040272809561,59494,0.2879796312520875
13143,30383,2884,0.09492150215581081,4338,0.14277721094032847
13145,36080,2474,0.06856984478935699,7118,0.1972838137472284
13147,26406,2247,0.08509429675073847,6927,0.26232674392183597
13151,239139,28063,0.11735016036698322,48647,0.20342562275496678
13153,160110,16123,0.10069951908063207,55097,0.3441196677284367
13157,76199,9126,0.11976535125132876,17637,0.23145973044265672
13169,28787,2347,0.08152985722722061,6763,0.234932434779588
13175,47512,7242,0.15242465061458157,11443,0.24084441825223102
13177,30234,3006,0.0994244889859099,5330,0.17629159224713897
13179,63004,5292,0.0839946670052695,25169,0.39948257253507713
13185,118268,14182,0.11991409341495586,30940,0.2616092265025197
13187,34186,1464,0.042824548060609605,3517,0.10287837126309016
13189,21162,2126,0.10046309422549854,3902,0.18438710896890653
13195,30457,3587,0.11777259743244574,6593,0.2164691203992514
13199,21164,1717,0.08112833112833112,5033,0.2378094878094878
13205,21602,2044,0.09462086843810759,4522,0.20933246921581336
13207,28042,3025,0.10787390343056844,3300,0.11768062192425648
13213,40032,5527,0.13806454836131096,6170,0.15412669864108713
13215,196442,16312,0.08303723236375113,62248,0.3168772462100773
13217,113295,12480,0.11015490533562823,19475,0.17189637671565383
13219,41124,3400,0.08267678241416204,10915,0.26541678825017023
13223,173359,18249,0.10526710467873027,33229,0.1916773862331924
13225,27950,2758,0.09867620751341681,3838,0.13731663685152057
13227,33127,4261,0.12862619615419446,4720,0.14248196335315605
13233,42840,6429,0.15007002801120448,6121,0.14288048552754434
13237,22520,2049,0.09098579040852575,2869,0.12739786856127885
13245,202079,22769,0.11267375630322794,67744,0.33523522978637066
13247,90939,8639,0.094997745741651,16211,0.1782623516862952
13255,67414,7497,0.11120835434776159,10509,0.15588750111252855
13257,26107,1473,0.0564216493660704,3493,0.13379553376489065
13261,29282,2591,0.08848439314254491,11128,0.38002868656512534
13267,25365,2683,0.10577567514291346,3490,0.13759116893356987
13275,44372,5223,0.11770936626701524,10580,0.23843865500766248
13277,40719,6091,0.1495861882659201,8417,0.2067093985608684
13279,26973,3810,0.1412523634745857,5476,0.2030178326474623
13285,70214,7963,0.11341043096818298,14522,0.2068248497450651
13291,25358,1399,0.055169966085653444,3275,0.12915056392459973
13293,26527,1841,0.06940098767293701,9468,0.3569193651751046
13295,70116,7567,0.10792115922186092,15974,0.22782246562838723
13297,96875,11403,0.1177083870967742,21414,0.22104774193548388
13299,35826,5653,0.1577904315301736,8235,0.22986099480823982
13303,20150,2152,0.10679900744416873,3018,0.14977667493796526
13305,30023,4240,0.14122506078673017,9041,0.3011357958898178
13311,31094,1653,0.053161381617032225,3471,0.11162925323213482
13313,103837,18027,0.17360863661315332,22985,0.2213565492069301
13321,19972,1983,0.09928900460644903,3414,0.17093931504105747
16001,494399,67233,0.13598935272927332,247959,0.5015362086088362
16005,88795,10675,0.12022073314938904,36346,0.40932484937214936
16011,47202,5477,0.11603321893140121,17699,0.37496292529977543
16013,23426,2576,0.10996328865363271,15579,0.665030308204559
16017,46817,4315,0.0921673750987889,16753,0.3578401008180789
16019,122134,16824,0.13775033979072165,49281,0.40349943504675195
16027,237053,34349,0.14490008563485804,82608,0.348479032115181
16031,24277,3312,0.13642542324010382,7336,0.30217901717675166
16039,27448,3169,0.11545467793646168,10281,0.37456280967647915
16051,30581,3367,0.11010104313135607,9689,0.31683071187992545
16053,24578,3447,0.14024737570184717,8483,0.3451460655871104
16055,170628,24157,0.1415769979135898,62674,0.36731368825749583
16057,40830,3838,0.09399951016409502,19520,0.4780798432525104
16065,40318,7860,0.19495014633662383,16912,0.4194652512525423
16067,21216,2685,0.1265554298642534,6824,0.32164404223227755
16069,40755,5188,0.1272972641393694,18479,0.4534167586799166
16075,24771,3184,0.12853740260788826,6411,0.258810706067579
16083,88411,13187,0.1491556480528441,34177,0.38656954451369174
17001,64783,12533,0.19346124754951144,29478,0.4550267817174259
17007,52777,7565,0.1433389544688027,25689,0.48674612046914373
17011,32303,4165,0.1289353929975544,15021,0.4650032504720924
17019,209192,25596,0.12235649546827794,112964,0.5400015296952082
17021,32075,4837,0.15080280592361653,12865,0.401091192517537
17027,37398,6783,0.18137333547248516,17363,0.46427616450077547
17029,50383,7265,0.14419546275529443,19345,0.383958875017367
17031,5108284,612974,0.11999606913006403,2913284,0.5703058013219312
17037,104491,11675,0.1117321108995033,46558,0.4455694748830043
17043,917481,104116,0.11348027915564464,572580,0.624078318788073
17049,34065,6019,0.17669161896374577,13090,0.3842653750183473
17051,21264,3911,0.18392588412340105,5803,0.2729025583145222
17055,38060,6739,0.17706253284287968,13970,0.3670520231213873
17057,33690,4772,0.14164440486791333,15336,0.4552092609082814
17063,50993,6965,0.1365873747377091,22563,0.44247249622497203
17073,48411,6176,0.1275743116233914,24253,0.5009811819627771
17075,26711,3906,0.1462318894837333,11455,0.4288495376436674
17077,56675,7625,0.1345390383767093,23578,0.4160211733568593
17081,37235,6011,0.16143413455082584,13417,0.36033302000805695
17083,21616,3152,0.14581791265729088,10502,0.48584381939304216
17085,21239,1998,0.09407222562267527,14327,0.6745609491972315
17089,531010,65792,0.12389973823468485,278524,0.5245174290503004
17091,108594,16727,0.1540324511483139,45355,0.4176565924452548
17093,130638,15423,0.11805906397832178,68228,0.5222676403496685
17095,49053,6603,0.1346095040058712,23203,0.4730189794711842
17097,693593,77184,0.11128139989878791,417384,0.6017707791168596
17099,107571,14433,0.1341718492902362,50214,0.46679867250467133
17103,33647,4543,0.1350194668172497,15424,0.4584063958153773
17105,35414,5569,0.15725419325690404,13625,0.384734850624047
17107,28383,4689,0.16520452383468978,12100,0.4263115245041046
17109,29295,3498,0.11940604198668715,11844,0.4043010752688172
17111,305888,33051,0.1080493513965896,163340,0.533986295637619
17113,171256,21724,0.12685103003690382,88905,0.5191350959966367
17115,103015,14339,0.13919332136096685,44718,0.4340921225064311
17117,44567,6397,0.14353669755648799,20282,0.45509008907936366
17119,262635,37943,0.14447046280960268,128974,0.4910769699392693
17121,37045,6545,0.176677014441895,13797,0.37243892563098935
17133,34739,5034,0.14490917988427993,17724,0.510204669103889
17135,28045,4617,0.16462827598502408,11528,0.41105366375468
17137,33400,4875,0.14595808383233533,15140,0.4532934131736527
17141,50306,7111,0.14135490796326483,23715,0.47141494056374983
17143,177652,25956,0.14610586990295635,92073,0.5182773061941324
17145,20664,4103,0.1985578784359272,7690,0.3721447928765002
17157,31351,5187,0.1654492679659341,12632,0.40292175688175813
17161,140907,17779,0.12617542066753248,67972,0.4823890935155812
17163,258046,34985,0.13557660262123808,129888,0.5033521155142882
17165,23182,4054,0.17487705978776638,9281,0.40035372271590025
17167,193882,24437,0.12604058138455349,107586,0.5549045295592164
17173,21299,2947,0.13836330344147613,7571,0.35546269777923845
17177,43831,5454,0.12443247929547581,22801,0.5202025963359266
17179,130777,19754,0.15105102579199706,66637,0.5095467857497878
17183,74855,13178,0.1760470242468773,25198,0.33662414000400775
17195,54656,7854,0.14369877049180327,26104,0.47760538641686184
17197,688726,87188,0.12659315896307094,370345,0.5377247265240458
17199,66415,11442,0.17228035835278174,29489,0.44401114206128134
17201,281295,38961,0.13850583906574948,132021,0.4693329067349224
17203,38091,5451,0.14310467039458138,17931,0.4707411199495944
18001,35839,4523,0.12620329808309383,10923,0.3047797092552806
18003,382187,52555,0.1375112183302938,180378,0.4719626779560791
18005,84447,10562,0.12507253069972882,44915,0.5318720617665518
18011,69347,10619,0.15312846986892006,43045,0.6207189928908244
18015,20228,3793,0.18751235910618944,6303,0.31159778524817083
18017,37388,7158,0.19145180271744944,15345,0.41042580507114584
18019,119266,16890,0.1416162192074858,64872,0.5439270202740094
18021,26246,3950,0.15049912367598872,13356,0.5088775432446849
18023,32206,4679,0.14528348754890394,13898,0.4315344966776377
18027,33505,3878,0.11574391881808685,9960,0.2972690643187584
18029,49824,7225,0.14501043673731534,26937,0.540643063583815
18031,26584,3737,0.1405732771591935,11641,0.4378949744207042
18033,43670,5554,0.1271811312113579,16954,0.38822990611403707
18035,113454,13366,0.11780986126535865,50088,0.44148289174467187
18037,42542,7544,0.1773306379577829,22205,0.5219547741055898
18039,206161,33064,0.1603795092185234,78907,0.38274455401361074
18041,22892,3678,0.16066748208981305,8173,0.35702428796085967
18043,78936,10031,0.12707763251241513,40901,0.5181539475017736
18047,22761,2453,0.10777206625367954,7595,0.33368481173937875
18051,33825,6183,0.18279379157427939,14399,0.42569105691056913
18053,65225,8854,0.13574549635875816,25129,0.385266385588348
18055,32203,4596,0.14271962239542899,11819,0.3670154954507344
18057,344238,45053,0.13087747430556765,217360,0.6314236080851039
18059,79553,11591,0.1457016077332093,47958,0.6028433874272497
18061,40682,5920,0.1455189027088147,18788,0.461825868934664
18063,173251,22548,0.13014643494121247,110707,0.6389977547027146
18065,48033,7564,0.15747506922324236,22787,0.4744030145941332
18067,82732,13488,0.16303244210220955,35453,0.42852825992360877
18069,36395,5824,0.16002198104135185,16918,0.46484407198791045
18071,44222,6168,0.1394780878295871,21134,0.47790692415539776
18073,33440,4659,0.13932416267942585,14142,0.4229066985645933
18077,32110,4619,0.14384926814076612,16492,0.5136094674556213
18079,27515,3406,0.12378702525894966,10096,0.3669271306560058
18081,160607,24191,0.15062232654865604,83516,0.5200022414963233
18083,36522,5438,0.14889655550079403,16703,0.45734078089918406
18085,78988,11014,0.13943890211171317,29489,0.3733351901554667
18087,40119,3180,0.0792641890376131,8352,0.2081806625289763
18089,487536,62273,0.1277300548062092,243764,0.4999917954776673
18091,109663,13946,0.12717142518442867,56178,0.5122785260297457
18093,45496,6938,0.15249692280640056,20322,0.4466766309126077
18095,129681,16672,0.12856162429345858,61443,0.4738010965368867
18097,966183,119377,0.12355526851538477,479618,0.4964049253609306
18099,46108,7031,0.15248980654116423,18774,0.40717445996356383
18103,35328,5160,0.14605978260869565,13355,0.378028759057971
18105,148219,12423,0.08381516539714881,80601,0.5437966792381543
18107,38365,5539,0.14437638472566142,15975,0.41639515183109604
18109,70707,8064,0.11404811404811405,34532,0.4883816312387741
18113,47832,7046,0.14730724201371467,16880,0.3529018230473323
18119,20833,2571,0.12340997455959295,8144,0.3909182546920751
18127,170980,21274,0.1244239092291496,88212,0.5159199906421804
18129,25275,3491,0.13812067260138478,11075,0.4381800197823937
18133,37469,4977,0.13282980597293761,14601,0.3896821372334463
18135,24191,2843,0.11752304576082014,10003,0.41350088876028274
18137,28448,4193,0.14739173228346455,12236,0.4301181102362205
18141,271484,11776,0.04337640523935112,144410,0.5319282167641556
18143,23788,3913,0.16449470321170337,9649,0.40562468471498236
18145,44871,6269,0.13971161774865726,23356,0.5205143633972945
18147,20225,3078,0.15218788627935723,8270,0.4088998763906057
18149,23049,2646,0.11479890667707926,7623,0.3307301835220617
18151,34831,4876,0.13999023858057477,15201,0.4364215784789412
18153,20578,2934,0.14257945378559628,9356,0.45466031684323066
18157,196115,25403,0.1295311424419346,102668,0.5235091655406267
18163,182447,29568,0.16206350337358247,95822,0.5252045799602076
18167,106608,15300,0.1435164340387213,48632,0.45617589674320874
18169,30784,4661,0.15140982328482328,11862,0.3853300415800416
18173,63269,10316,0.16304983483222432,36166,0.571622753639223
18175,28213,3119,0.11055187324992025,10326,0.3660014886754333
18177,65778,9427,0.1433153942047493,29155,0.4432332998875004
18179,28142,3680,0.13076540402245754,10851,0.3855802714803497
18181,24165,3338,0.13813366439064764,12017,0.4972894682391889
18183,34378,4963,0.1443655826400605,14841,0.43170050613764616
19011,25414,3157,0.12422286928464626,13395,0.5270716927677658
19013,130786,19342,0.14789044698973897,70798,0.5413270533543345
19015,26277,3062,0.11652776192107166,15192,0.5781481904326978
19017,25311,3256,0.12863972186006084,13568,0.5360515191023666
19019,21287,2337,0.1097853149809743,10364,0.4868699206088223
19027,19914,3236,0.16249874460178768,11358,0.5703525158180175
19033,42103,6157,0.1462366102177992,24171,0.5740921074507754
19045,46392,6222,0.13411795137092603,22697,0.48924383514399034
19049,96963,12811,0.13212256221445293,54177,0.5587389004053093
19057,38708,5899,0.15239743722227964,17897,0.4623592022320967
19061,97590,14767,0.15131673327185163,56702,0.5810226457628855
19099,37148,4917,0.1323624421233983,19580,0.5270808657262841
19103,153740,16770,0.10908026538311436,97559,0.6345713542344218
19105,20617,3401,0.1649609545520687,11095,0.5381481301838289
19111,33480,5121,0.15295698924731183,15430,0.4608721624850657
19113,227854,26075,0.11443731512284182,134793,0.5915761847498837
19123,22370,2780,0.124273580688422,8686,0.38828788556101923
19125,33168,4516,0.13615533043897732,15893,0.4791666666666667
19127,39495,5816,0.14725914672743384,22723,0.5753386504620838
19139,42394,5904,0.13926499032882012,22924,0.5407368967306694
19149,25219,4356,0.17272691224870138,11888,0.471390618184702
19153,494281,67884,0.13733888213384693,290082,0.5868766956447851
19155,93328,13020,0.13950797188410766,47266,0.506450368592491
19163,173216,23027,0.13293806576759654,91817,0.5300722796970256
19167,35043,5568,0.15889050594983306,13226,0.3774220243700596
19169,98237,11999,0.12214338792919165,54939,0.5592495699176482
19179,34985,5015,0.14334714877804774,15491,0.4427897670430184
19181,52265,6830,0.13068018750597915,27331,0.5229312159188749
19183,21992,3127,0.14218806838850492,11326,0.5150054565296471
19187,35934,6281,0.1747926754605666,18635,0.5185896365559081
19193,103138,17351,0.1682309139211542,51216,0.4965774011518548
20009,25658,3181,0.12397692727414451,9854,0.3840517577363785
20015,66992,9714,0.145002388344877,27701,0.4134971339861476
20035,34628,4820,0.1391937160679219,14584,0.42116206538061685
20037,38730,6373,0.16454944487477408,16470,0.4252517428350116
20045,122530,10976,0.08957806251530237,66575,0.5433363257977638
20051,28671,4143,0.14450141257716856,12683,0.4423633636775836
20055,35917,6556,0.1825319486594092,13785,0.3838015424450817
20057,33094,6593,0.19922040248987732,12293,0.3714570617030277
20059,25703,3262,0.12691125549546745,11527,0.44846905030541184
20061,32218,4349,0.13498665342355204,18222,0.5655844558942206
20079,34291,4537,0.13230876906476918,13957,0.40701641830217844
20091,607220,72476,0.11935706992523303,391710,0.6450874477125259
20103,82246,9271,0.11272280718819153,43461,0.5284269143788147
20111,33045,5031,0.1522469359963686,16765,0.5073384778332577
20113,28448,3939,0.13846316085489313,13649,0.4797876827896513
20121,34334,3878,0.11294926312110444,14583,0.42473932544999127
20125,31502,4825,0.15316487842041776,12774,0.40549806361500856
20149,24722,2534,0.10249979775099102,8501,0.3438637650675512
20155,61793,9571,0.1548880941206933,27864,0.4509248620393896
20161,73202,7232,0.09879511488757138,25114,0.343078057976558
20169,53926,7613,0.14117494344101175,23792,0.4411971961576976
20173,519907,71557,0.13763423073742034,229636,0.4416866862727372
20175,21038,4233,0.20120733910067498,8336,0.39623538359159616
20177,175999,23393,0.13291552792913597,95751,0.5440428638799084
20191,22578,2792,0.12366020019487997,8678,0.3843564531845159
20209,165265,26287,0.15905969200980244,79617,0.48175354733307113
21003,21303,4481,0.21034596066281744,8064,0.378538234051542
21005,22833,3772,0.16519949196338632,12841,0.562387772084264
21009,44300,5221,0.11785553047404063,18241,0.4117607223476298
21013,25482,3077,0.12075190330429322,11101,0.43564084451769874
21019,46516,5040,0.10834981511737897,18625,0.4003998624129332
21021,30367,3131,0.10310534461751243,16622,0.5473705008726578
21029,82182,7342,0.08933829792411964,36313,0.44186074809569004
21035,39300,3419,0.08699745547073791,16803,0.42755725190839694
21043,26542,2459,0.09264561826539071,11161,0.42050335317609827
21047,71478,2807,0.03927082458938415,21249,0.297280282044825
21049,36463,2826,0.07750322244466994,19000,0.5210761593944546
21059,101978,9794,0.09604032242248328,51335,0.5033928886622605
21067,324735,36498,0.11239318213312394,208435,0.6418618257964186
21071,34974,3198,0.09143935494939098,18285,0.5228169497340882
21073,51118,4050,0.07922845181736375,36044,0.7051136585938417
21083,36818,4046,0.1098919007007442,14926,0.4053995328371992
21085,26480,2222,0.08391238670694864,11979,0.45237915407854984
21093,111309,9747,0.08756704309624559,63636,0.5717057919844757
21095,25566,2789,0.10909019791911131,10627,0.41566924822029255
21101,44740,4674,0.10447027268663389,20243,0.4524586499776486
21107,44662,4543,0.1017195826429627,21181,0.4742510411535534
21111,767452,12780,0.016652507257782896,463035,0.6033406649536388
21113,54057,4454,0.08239450949923229,27762,0.5135690104889283
21121,31022,4054,0.13068145187286442,10098,0.32551092772870865
21125,61238,8221,0.1342467095594239,22756,0.3715993337470198
21133,21213,1901,0.08961485881299203,10289,0.485032762928393
21137,24466,1828,0.074715932314232,9383,0.38351181231096215
21141,27416,2559,0.09333965567551794,12787,0.46640647796906914
21145,65644,3868,0.05892389251112059,32988,0.5025287916641277
21151,94265,9289,0.09854134620484803,42733,0.4533283827507558
21157,31163,2077,0.06664955235375285,15244,0.4891698488592241
21163,28616,2203,0.07698490355046128,10899,0.38087084148727984
21167,21889,1823,0.08328384119877565,11544,0.5273881858467724
21173,28186,2856,0.10132689987937274,12818,0.45476477683956573
21177,30457,3146,0.10329316741635748,13963,0.4584496174935154
21179,46450,4896,0.10540365984930032,24826,0.5344671689989235
21183,23899,2411,0.10088288212895936,8459,0.353947863927361
21185,66999,5670,0.08462812877804146,36503,0.5448290272989149
21193,25456,2643,0.1038262099308611,14271,0.5606143934632307
21195,57057,5442,0.0953783059046217,27470,0.4814483761852183
21199,65530,5227,0.07976499313291623,28381,0.4330993438119945
21205,24682,2238,0.09067336520541285,11556,0.46819544607406205
21209,58470,5256,0.08989225243714725,33172,0.5673336753890884
21211,49611,3838,0.07736187539053839,22889,0.46136945435488097
21217,25707,3200,0.1244797136966585,12391,0.4820087913797798
21227,134510,15094,0.11221470522637722,56549,0.42040740465392906
21231,20209,1501,0.07427383838883665,7411,0.3667177990004453
21235,36451,3965,0.10877616526295575,14472,0.39702614468738856
21239,26765,2307,0.08619465720156921,18268,0.682533158976275
22017,237479,1813,0.007634359248607245,101994,0.429486396691918
22033,439729,1438,0.003270195961603624,218519,0.4969401608718097
22051,432346,1555,0.0035966563816942913,249751,0.5776646482215633
22071,389476,1933,0.004963078597911039,238448,0.6122277110784746
23001,108547,8869,0.08170654186665684,65915,0.6072484730116908
23003,66804,2552,0.03820130531105922,41105,0.6153074666187653
23005,298111,18557,0.06224862551197373,227280,0.7624005823334261
23007,29986,1506,0.0502234376042153,17145,0.5717668245181085
23009,55088,1678,0.03046035434214348,37752,0.6853035143769968
23011,122955,7283,0.05923305274287341,76919,0.6255865967223782
23013,39951,1382,0.03459237566018372,29664,0.7425095742284298
23015,34775,1232,0.035427749820273184,24961,0.717785765636233
23017,58132,3872,0.06660703227138237,34572,0.5947154751255763
23019,151655,7889,0.052019386106623586,96143,0.633958656160364
23023,36044,1520,0.042170680279658194,24977,0.6929586061480413
23025,50635,2667,0.05267107731806063,27626,0.5455909943714822
23027,39923,1606,0.040227437817799264,25195,0.6310898479573178
23031,209066,14834,0.0709536701328767,147521,0.7056192781226981
24001,70057,9912,0.14148479095593589,34699,0.4952966869834563
24003,582777,47396,0.08132784924593799,394373,0.6767133912285488
24005,826017,79540,0.09629341768995069,525432,0.636103131049361
24009,93072,7875,0.08461191335740072,56013,0.6018243940175348
24011,33492,2866,0.08557267407142004,17185,0.5131076077869342
24013,169092,14649,0.08663331204314811,110393,0.65285761597237
24015,103419,9077,0.08776917200901188,52961,0.5121012579893444
24017,164436,4472,0.027195991145491254,95003,0.5777506142207303
24019,31853,3873,0.12158980315825825,17044,0.5350830377044549
24021,265161,25983,0.09798952334619344,173747,0.6552509607370617
24025,256805,19436,0.0756838846595666,160162,0.6236716574833044
24027,328200,17413,0.053056063375990246,242164,0.7378549664838513
24031,1051816,82814,0.07873430333822645,806693,0.7669525848627516
24033,909612,94282,0.10365078736868027,568539,0.625034630149998
24035,51167,4790,0.09361502530928137,30024,0.5867844509156293
24037,114687,8646,0.07538779460618902,66711,0.5816788302074342
24039,25453,3369,0.13236160766903704,11345,0.44572349035477155
24041,36972,2388,0.06458941901979877,24968,0.6753218651952829
24043,151146,16398,0.10849112778373228,78117,0.5168314080425549
24045,103990,9407,0.09046062121357823,51311,0.493422444465814
24047,52403,6506,0.12415319733603038,33900,0.6469095280804534
24510,586131,58694,0.10013802375236935,333472,0.5689376606935992
25001,213164,18896,0.08864536225629092,10994,0.05157531290461804
25003,124571,7994,0.06417223912467589,62885,0.504812516556823
25005,566765,78343,0.1382283662540912,322444,0.5689200991592636
25009,791263,110890,0.14014303714441342,509502,0.6439097999021817
25011,70267,3225,0.045896366715527916,42049,0.5984174648127856
25013,463986,61764,0.13311608539912842,266752,0.5749138982641717
25015,161401,11329,0.07019163450040582,94448,0.5851760521929852
25017,1609379,158313,0.09836899822850925,1126962,0.7002464925912417
25021,709409,68782,0.09695676260098195,487332,0.6869549159934537
25023,523738,61997,0.11837407253244943,317737,0.6066716564389065
25025,801582,105516,0.13163469239578732,516473,0.644317112909222
25027,829212,94610,0.11409627453534199,505157,0.6092012657800417
26005,118927,10475,0.0880792418878808,55267,0.4647136478680199
26007,28238,1947,0.06894964232594376,14653,0.5189106877257597
26009,23449,1425,0.060770182097317584,12540,0.5347776024563947
26015,62061,5874,0.09464881326436893,27208,0.43840737339069624
26017,102387,9883,0.09652592614296737,53734,0.5248127203648901
26021,153025,15078,0.09853291945760496,77660,0.5074987747100147
26023,43424,5802,0.13361274871039056,17565,0.40449981577008104
26025,133580,13429,0.10053151669411589,62369,0.46690372810300945
26027,51584,4418,0.08564671215880894,20071,0.389093517369727
26029,26105,1522,0.05830300708676499,15607,0.5978548170848497
26031,25365,1688,0.06654839345554898,13036,0.5139365267100335
26033,36958,2143,0.057984739433952055,23846,0.6452188971264678
26035,30771,2291,0.07445321893991096,13199,0.42894283578694226
26037,79753,5934,0.07440472458716287,41463,0.5198926686143468
26041,35612,3827,0.10746377625519488,20407,0.5730371784791644
26043,25112,2466,0.09820006371455878,15531,0.6184692577253903
26045,110148,9710,0.08815411991139195,57176,0.5190834150415804
26047,33342,2161,0.06481314858136884,22607,0.6780337112350788
26049,404794,35314,0.087239435367125,184207,0.45506356319510666
26051,25424,2090,0.08220578980490875,11268,0.44320327249842667
26055,93592,6251,0.06678989657235661,58006,0.619775194461065
26057,40283,3244,0.08053024849191967,16900,0.41953181242707843
26059,45658,4238,0.09282053528406851,15815,0.346379604888519
26061,35126,2623,0.07467403063257985,17096,0.48670500483971985
26063,30653,3280,0.1070042083972205,15568,0.507878511075588
26065,290609,14235,0.04898334187860665,152714,0.5254964574393773
26067,64553,7950,0.1231546171363066,27485,0.4257741700618097
26069,25140,2007,0.07983293556085919,12979,0.5162688941925219
26073,69504,6042,0.08693024861878453,28419,0.40888294198895025
26075,156920,12148,0.07741524343614581,75781,0.48292760642365534
26077,265988,22890,0.08605651382769147,147164,0.5532730799885709
26081,658708,71130,0.10798411435719621,363838,0.5523509658300795
26087,87635,8690,0.0991612940035374,37655,0.4296799224054316
26089,21743,1142,0.05252265096812767,16799,0.7726164742675804
26091,97808,10295,0.1052572386716833,47316,0.4837641092753149
26093,192335,16735,0.08700964463046247,106562,0.5540437257909376
26099,870791,19731,0.022658709150645794,453168,0.5204096046008744
26101,24738,1248,0.050448702401164204,13606,0.5500040423639745
26103,65834,4723,0.07174104566029711,39517,0.6002521493453231
26105,29164,2262,0.07756137704018654,16187,0.5550336030722809
26107,43907,3258,0.07420229120641356,16554,0.3770241647117772
26109,22608,2018,0.08926043878273178,14766,0.653131634819533
26111,83441,7580,0.09084263132033413,44882,0.5378890473508228
26115,150568,13904,0.09234365867913501,76560,0.5084745762711864
26117,63476,5831,0.09186149095721217,24535,0.3865240405822673
26121,173883,11554,0.06644697871557312,86117,0.49525830587233943
26123,49348,4779,0.09684283050984842,19856,0.40236686390532544
26125,1253459,55840,0.04454872476881972,764592,0.6099856477156412
26127,26819,2771,0.10332227152391961,13085,0.48790036914128043
26129,20923,1603,0.07661425225828036,8717,0.4166228552310854
26133,23466,1867,0.07956191937270946,9016,0.3842154606664962
26137,24765,2107,0.08507974964667878,12559,0.507126993741167
26139,294635,31624,0.10733280160198211,152180,0.5165034703955742
26143,23986,1687,0.07033269407154173,12517,0.521846076878179
26145,189868,21264,0.11199359555059304,91546,0.4821560241852234
26147,159293,15573,0.09776324132259422,72622,0.4559020170377857
26149,60848,5914,0.09719300552195635,24830,0.4080660005259006
26151,40747,3174,0.07789530517584117,16194,0.39742803151152234
26155,67738,6274,0.09262157134843071,31872,0.4705187634710207
26157,52289,5235,0.10011665933561552,22013,0.4209872057220448
26159,75474,6893,0.09132946445133423,38428,0.5091554707581418
26161,366473,26077,0.0711566745708415,241052,0.657761963364286
26163,1740623,117269,0.06737185478992291,841689,0.48355617500170917
26165,33743,2611,0.07737901194321785,15820,0.4688379812109178
27003,359921,47797,0.13279858635645045,179257,0.49804540440818956
27005,34456,4249,0.12331669375435338,16495,0.4787264917576039
27007,47442,4927,0.10385312592217866,24300,0.5122043758694828
27009,40958,6361,0.15530543483568535,14315,0.34950437033058257
27013,68241,8561,0.12545244061487962,36151,0.5297548394660102
27015,24846,3409,0.13720518393302744,14661,0.590074861144651
27017,35769,3855,0.10777488887025077,19996,0.5590315636444966
27019,106565,11979,0.11241026603481444,59623,0.5594988973865715
27021,29928,3346,0.11180165731087945,13498,0.45101577118417535
27025,56794,7060,0.12430890587033841,28230,0.49705954854386025
27027,64690,9047,0.13985159993816665,21775,0.3366053485855619
27035,65644,7690,0.11714703552495277,32662,0.49756261044421424
27037,431807,51910,0.12021574453401636,256016,0.5928945107420677
27039,20987,2318,0.11044932577309763,10775,0.5134130652308572
27041,38328,5267,0.1374191191817992,19340,0.5045919432268837
27045,21135,1841,0.08710669505559498,12437,0.5884551691506978
27047,30364,4207,0.13855223290739033,15111,0.49766170465024373
27049,46318,5421,0.11703873224232479,26891,0.5805734271773393
27053,1268408,140071,0.11043055546795669,811442,0.6397326412321588
27057,21783,2220,0.10191433686819998,8849,0.4062342193453611
27059,41429,4853,0.11714016751550846,14504,0.3500929300731372
27061,45268,5102,0.11270654767164442,22172,0.4897941150481576
27067,43130,7365,0.17076281010897287,19744,0.4577788082541155
27079,28741,3331,0.11589715041230299,12199,0.4244459135033576
27083,25271,3815,0.15096355506311582,12554,0.4967749594396739
27085,35710,4907,0.13741248949873985,17611,0.49316718006160737
27093,23341,2999,0.12848635448352685,9584,0.41060794310440857
27095,26146,3492,0.13355771437313546,13216,0.5054692878451771
27097,33187,4619,0.13918100461023894,13901,0.4188688341820592
27099,40150,5495,0.1368617683686177,21617,0.5384059775840597
27103,34482,3684,0.10683835044370976,18933,0.5490690795197495
27105,21400,4398,0.20551401869158878,11121,0.5196728971962616
27109,159298,15697,0.09853858805509172,104878,0.6583761252495324
27111,58741,6585,0.11210227949813588,25454,0.43332595631671234
27115,29359,3636,0.12384618004700433,12441,0.4237542150618209
27119,30900,4276,0.13838187702265373,11184,0.36194174757281555
27123,547903,58337,0.10647322610024038,337923,0.6167569807064389
27131,67084,9029,0.1345924512551428,37537,0.5595522032079184
27137,198538,20084,0.10115947576786308,116125,0.5849006235582105
27139,150689,19537,0.12965113578297022,88397,0.5866187976560997
27141,98811,13363,0.1352379795771726,37618,0.38070660149173674
27145,162038,24648,0.15211246744590776,80223,0.4950875720510004
27147,36596,4910,0.13416766859766094,19619,0.5360968411848289
27153,24732,3135,0.1267588549247938,9037,0.3653970564450914
27157,21642,2340,0.10812309398392016,13740,0.6348766287773773
27163,265476,30519,0.11495954436559237,156124,0.5880908255360183
27169,50485,5469,0.10832920669505794,26839,0.5316232544320095
27171,140249,18385,0.13108827870430448,64475,0.4597180728561345
28033,188275,2331,0.0123808259195326,85585,0.4545744257070774
28035,75009,1034,0.013785012465170846,27438,0.3657961044674639
28047,208801,2991,0.014324644039061116,97732,0.4680628924190976
28049,227966,3592,0.015756735653562372,118618,0.520331979330251
28059,143802,2559,0.01779530187340927,56921,0.39582898707945646
28067,67993,1309,0.01925198182165811,25638,0.3770682276116659
28075,73751,1141,0.01547097666472319,33532,0.454665021491234
28081,85466,2,0.000023401118573467812,33510,0.39208574169845317
28089,106871,1732,0.016206454510578172,60927,0.5700985300034621
28095,35123,4,0.00011388548814167355,16062,0.45730717763289014
28099,28996,1058,0.03648779141950614,10240,0.3531521589184715
28121,155975,1484,0.00951434524763584,72094,0.46221509857348936
28151,42837,1482,0.03459626024231389,19046,0.444615636015594
29019,182991,1345,0.007350088255706565,98943,0.5406987228880109
29021,86530,1193,0.013787125852305558,29578,0.3418236449786201
29047,253463,1003,0.003957185072377428,117498,0.4635706197748784
29077,294997,1500,0.005084797472516669,129509,0.4390180239121076
29095,705925,10574,0.0149789283564118,342444,0.48509969189361474
29097,121648,1809,0.014870774694199658,51778,0.4256379060897014
29099,226543,1606,0.00708916188096741,87363,0.3856353981363361
29183,406204,3969,0.009770952526316826,219000,0.5391379700839972
29189,994020,14626,0.014713989658155771,551474,0.554791654091467
29510,297645,5027,0.016889247257639135,148258,0.4981034453795629
30013,81346,11812,0.1452068940083102,38842,0.4774912103852679
30029,105851,15313,0.1446656148737376,38652,0.36515479305816667
30031,116806,17024,0.14574593770867936,59323,0.5078763077239183
30047,30986,2796,0.09023429936100175,15419,0.4976118246950236
30049,70229,8290,0.11804240413504392,36626,0.5215224479915704
30063,121630,11866,0.09755816821507851,69588,0.5721285866973609
30081,45002,3833,0.08517399226701035,19285,0.42853650948846717
30093,35180,4592,0.1305287094940307,19586,0.5567367822626492
30111,162990,22126,0.13575065954966561,73779,0.4526596723725382
31001,31321,3231,0.10315762587401424,11788,0.3763609080169854
31019,50114,4546,0.09071317396336354,17781,0.35481103084966276
31025,26232,1999,0.07620463555962184,13800,0.526075022872827
31043,20070,2993,0.14912805181863478,11137,0.554907822620827
31047,23510,2596,0.11042109740535942,9753,0.4148447469162059
31053,36222,4435,0.12243940146872066,17157,0.47366241510684115
31055,574332,54560,0.0949973186240711,328910,0.5726826992053377
31067,21431,1425,0.06649246418739209,8238,0.384396435070692
31079,61028,4223,0.06919774529724061,25431,0.41671036245657733
31109,320650,15915,0.049633556837673475,190214,0.5932137845002339
31111,34347,3136,0.09130346172882639,9600,0.27950039304742774
31119,34813,3549,0.10194467583948524,14308,0.41099589233906875
31141,33364,2957,0.08862846181513008,13686,0.41020261359549215
31153,188856,16334,0.08648917693904351,104327,0.552415597068666
31155,21927,2198,0.10024171113239386,10032,0.45751812833492955
31157,35299,3499,0.09912462109408199,12715,0.3602085044902122
31177,20901,1937,0.09267499162719488,10316,0.49356490120089946
32001,25363,1696,0.06686906123092694,10560,0.41635453219256396
32003,2315963,308864,0.13336309776969665,1110192,0.47936517120523947
32007,53006,6514,0.12289174810398823,18564,0.35022450288646567
32023,48054,4103,0.0853831106671661,19025,0.39590876930120283
32031,477082,46868,0.09823887717415455,269279,0.5644291756972596
32510,56034,1020,0.01820323375093693,32157,0.5738837134596851
33001,61551,3809,0.06188364120810385,34427,0.5593247875745316
33003,49167,2434,0.04950474912034495,31283,0.6362600931519108
33005,76228,3921,0.05143779188749541,42928,0.5631526473211943
33007,31174,1632,0.052351318406364276,17898,0.57413228972862
33009,90691,3967,0.04374193690663903,60822,0.6706508914886814
33011,418735,33140,0.07914313348537858,235465,0.5623246205834239
33013,152622,8603,0.0563680203378281,95011,0.6225249308749722
33015,311307,21475,0.06898335084016742,184357,0.5922031949169149
33017,131533,9654,0.07339602989363886,72725,0.5529030737533547
33019,43267,1949,0.045045877920817254,24464,0.5654193727321053
34001,262945,37798,0.14374869269238813,152390,0.5795508566430242
34003,930394,115635,0.12428605515512783,636999,0.6846551031068558
34005,446596,51605,0.11555186342913953,293061,0.6562105348010282
34007,506809,64959,0.12817254626496372,299484,0.5909208400008682
34009,91546,12199,0.13325541257946824,60732,0.6634041902431564
34011,147008,20455,0.13914208750544188,64786,0.4406971049194602
34013,800501,104779,0.1308917790233866,483596,0.6041166719342012
34015,293245,35620,0.12146839673310712,158817,0.5415846817507545
34017,671666,94421,0.14057731074671043,444168,0.6612929640624954
34019,124797,11679,0.09358398038414385,77102,0.617819338605896
34021,367239,39619,0.1078834219677104,223278,0.60799098135002
34023,822736,102536,0.12462807024367477,523989,0.6368859512650473
34025,618381,89489,0.14471498962613663,372802,0.6028678112684575
34027,491087,55833,0.11369268581738062,341964,0.6963409742061997
34029,614237,88461,0.144017700008303,294440,0.4793589445116462
34031,500382,79582,0.15904249153646613,302956,0.6054494366304144
34033,62451,7222,0.11564266384845719,29750,0.47637347680581577
34035,329331,34545,0.10489446787578455,218586,0.6637273745866621
34037,140002,15906,0.11361266267624748,78646,0.5617491178697447
34039,555394,79012,0.14226297007169686,339121,0.6105953611310169
34041,105624,11350,0.10745663864273271,63016,0.5966068317806559
35001,681666,68287,0.10017662608960987,371769,0.5453829294698577
35005,64711,11540,0.17833135015685123,22755,0.35164037026162476
35006,26354,3790,0.14381118615769903,15226,0.577749108294756
35009,48793,6676,0.13682290492488677,17050,0.34943536982763923
35013,221262,25294,0.11431696359971437,118482,0.5354828212707108
35015,58418,9653,0.165240165702352,20576,0.3522202061008593
35017,27007,1915,0.07090754248898434,14744,0.5459325360091828
35025,71830,12896,0.17953501322567172,20242,0.28180426005847137
35029,23905,3655,0.1528968834971763,13131,0.549299309767831
35031,70824,13450,0.18990737603072405,71941,1.0157714898904326
35035,67967,6561,0.09653214059764298,30784,0.4529256845233716
35039,38521,4254,0.11043327016432596,25708,0.6673762363386205
35043,148904,14159,0.09508811046043088,89669,0.6021933594799334
35045,123312,17568,0.14246788633709614,82766,0.6711917737122097
35047,27144,2147,0.079096669613911,12414,0.4573386383731211
35049,151946,12162,0.08004159372408619,94836,0.624142787569268
35055,32593,2112,0.06479919001012488,20229,0.6206547418157273
35061,77574,8335,0.10744579369376338,36303,0.46797896202335837
36001,303654,29031,0.09560552470904385,203094,0.6688336066707503
36003,45587,4009,0.08794173777612038,17613,0.3863601465330028
36005,1401142,201898,0.1440953165346553,844892,0.6030024080357309
36007,189420,21193,0.11188364481047408,109147,0.576216872558336
36009,75863,6636,0.08747347191648103,37402,0.4930203129325231
36011,76029,7094,0.09330650146654566,40813,0.5368083231398545
36013,126032,10799,0.08568458804113241,66143,0.5248111590707122
36015,82622,9191,0.11124155793856358,43859,0.5308392437849483
36017,46730,4097,0.08767387117483415,25775,0.5515728653969613
36019,79778,5174,0.06485497254882298,52626,0.6596555441349745
36021,59534,4482,0.07528471125743273,39701,0.6668626331172103
36023,47173,4965,0.10525088504017129,25305,0.5364297373497552
36025,43938,2800,0.06372615958851108,22819,0.5193454413036551
36027,293293,34476,0.1175479810292097,181778,0.6197829474279987
36029,917241,102502,0.11175034696442919,565966,0.6170308566668956
36031,36891,1807,0.04898213656447372,23791,0.6448998400693936
36033,49965,3324,0.06652656859801861,28594,0.5722805964174923
36035,52812,5040,0.09543285616905249,25813,0.48877149132772857
36037,56994,5890,0.10334421167140401,30699,0.5386356458574587
36039,47177,3878,0.08220107255654238,26386,0.5592979629904402
36043,60945,5882,0.09651324965132496,32322,0.530347034211174
36045,108095,6761,0.06254683380359868,68105,0.6300476432767473
36047,2538934,317639,0.12510723004221458,1496755,0.5895210352061141
36049,26187,2798,0.10684690877152786,12217,0.4665291938748234
36051,62398,5048,0.08090002884707843,33754,0.540946825218757
36053,70478,5276,0.074860240074917,39108,0.5548965634666136
36055,740900,77400,0.10446753947901201,477144,0.6440059387231745
36057,49170,4297,0.08739068537726256,29304,0.5959731543624162
36059,1351334,228311,0.168952309347652,958506,0.7093035474575493
36061,1611989,158234,0.09816071945900376,1189579,0.7379572689391801
36063,208396,21100,0.10124954413712356,124277,0.5963502178544694
36065,227346,25436,0.1118823291370862,126069,0.5545248211976459
36067,459214,43235,0.09415000413750452,303670,0.6612821037686133
36069,110091,8490,0.07711802054663869,67407,0.6122843829195848
36071,385234,57400,0.1490003478405333,223258,0.579538670003167
36073,39978,3722,0.09310120566311471,19786,0.4949222072139677
36075,116346,9110,0.07830092998470081,62461,0.5368555859247417
36077,58701,4278,0.07287780446670414,32790,0.5585935503654111
36079,98532,13242,0.13439288758981854,63925,0.6487740023545651
36081,2225821,305235,0.1371336688799324,1641531,0.7374946143467961
36083,158108,13843,0.08755407696005263,99833,0.6314228249044956
36085,475327,85123,0.1790830312605848,294168,0.6188750060484677
36087,326225,60333,0.18494290750249062,182297,0.5588075714614147
36089,107185,7881,0.07352707934878948,58758,0.5481923776647852
36091,230298,14908,0.06473351917949786,162648,0.706250162832504
36093,155358,15655,0.10076726013465673,99581,0.6409776129970777
36095,31132,1932,0.06205833226262367,15876,0.5099575998972119
36101,94657,8360,0.08831887763187087,50205,0.5303886664483345
36103,1474273,226812,0.15384667561571025,982319,0.6663073935424443
36105,75802,8054,0.10625049470990211,39959,0.5271496794279834
36107,47904,4255,0.08882348029392118,25973,0.542188543754175
36109,101058,5681,0.056215242731896535,72455,0.7169645154267846
36111,177716,17661,0.0993776587364109,114494,0.6442526277881564
36113,63756,4909,0.07699667482276178,44674,0.7007026789635485
36115,60606,3288,0.05425205425205425,36185,0.5970530970530971
36117,89339,6821,0.07634963453810766,50304,0.5630687605636956
36119,965802,157959,0.16355215665322706,673180,0.6970165727550781
36121,39465,3782,0.09583174965159001,18188,0.4608640567591537
37001,171346,23396,0.13654243460600188,86229,0.5032448962917139
37003,37441,5739,0.1532811623621164,14778,0.39470099623407495
37007,24097,3397,0.14097190521641698,9817,0.4073951114246587
37009,27166,2959,0.10892291835382463,12661,0.4660605168224987
37013,47073,6092,0.12941601342595543,22763,0.4835680751173709
37017,32911,5002,0.15198565829054117,14329,0.43538634499103646
37019,149039,14202,0.09529049443434269,78955,0.5297606666711397
37021,263477,24307,0.0922547319120834,151853,0.5763425270516971
37023,90418,13708,0.15160698091088057,37468,0.41438651595921167
37025,221479,29714,0.1341617038184207,104269,0.47078504056818027
37027,82100,11812,0.14387332521315468,34460,0.4197320341047503
37031,69558,7178,0.10319445642485407,35571,0.5113861813163115
37033,22443,2766,0.12324555540703115,10154,0.45243505770173326
37035,160307,25438,0.15868302694205494,77608,0.48412109265347114
37037,75748,6086,0.08034535565295453,37348,0.49305592226857475
37039,29073,4133,0.14215939187562343,13986,0.4810649055824992
37045,99035,15954,0.16109456252839904,41962,0.4237087898217802
37047,54754,9335,0.17048982722723455,21534,0.39328633524491363
37049,101233,12530,0.12377386820503196,53894,0.5323758063082197
37051,336364,40275,0.11973635704177617,186409,0.554188319796411
37053,29052,2240,0.07710312543026297,13068,0.44981412639405205
37055,37547,3300,0.08788984472794098,24898,0.6631155618291741
37057,169234,22913,0.13539241523570913,69830,0.4126239408156753
37059,43286,5482,0.12664602873908423,21411,0.4946402994039643
37061,58794,8888,0.15117188828792053,21663,0.368455964894377
37063,327306,31722,0.09691847995453795,197004,0.6018954739601474
37065,50829,7022,0.13814948159515236,21400,0.42101949674398476
37067,383843,46397,0.12087494105662992,205892,0.5363963912328739
37069,71859,8735,0.12155749453791452,31055,0.4321657690755507
37071,226568,35193,0.15533084989936796,97673,0.431097948518767
37077,60486,7171,0.11855636014945607,32785,0.5420262540091922
37079,20928,2990,0.14287079510703363,9332,0.44590978593272174
37081,540521,60037,0.1110724652696195,287188,0.531317007109807
37083,49479,7008,0.14163584551021646,23055,0.4659552537440126
37085,137058,16381,0.11951874388944826,46260,0.33752134132994793
37087,62972,6299,0.10002858413263037,31827,0.5054151051260878
37089,118445,13462,0.11365612731647601,59942,0.5060745493689054
37091,23108,2478,0.10723558940626622,9727,0.42093647221741387
37093,55830,6470,0.11588751567257746,15763,0.28233924413397815
37097,185770,25701,0.1383484954513646,83192,0.4478225763040319
37099,44033,4884,0.11091681239070697,20641,0.4687620648150251
37101,216246,29474,0.1362984748850846,94418,0.4366231051672632
37105,62353,8403,0.13476496720286113,30147,0.48348916651965423
37107,55720,8385,0.1504845656855707,26182,0.4698851399856425
37109,88097,13157,0.14934674279487384,36901,0.418867838859439
37111,45782,7365,0.16087108470577957,21126,0.46144773054912414
37113,35994,4179,0.1161026837806301,19067,0.5297271767516808
37115,21740,2370,0.10901563937442502,10971,0.5046458141674333
37117,22178,3184,0.14356569573451167,10471,0.47213454775002256
37119,1128945,143880,0.12744642121626829,602064,0.5332979020235706
37123,27238,4085,0.1499743006094427,10216,0.37506424847639325
37125,103352,12171,0.11776259772428206,51578,0.49905178419382307
37127,94859,13755,0.145004691173215,47802,0.50392688094962
37129,236613,26381,0.11149429659401638,129198,0.5460308605190755
37133,203943,25067,0.12291179398165174,100619,0.4933682450488617
37135,149077,10593,0.07105723887655373,98638,0.6616580693198817
37139,40372,4280,0.10601406915684138,18039,0.44681957792529475
37141,64671,7963,0.12313092421641848,28400,0.4391458304340431
37145,39925,4494,0.11256105197244834,19547,0.4895929868503444
37147,182924,26519,0.14497277557892896,84614,0.46256368765170236
37149,21030,1987,0.09448407037565383,8251,0.3923442700903471
37151,144557,19013,0.13152597245377257,55242,0.3821468348125653
37153,44332,6458,0.1456735540918524,18796,0.4239826761707119
37155,129999,23123,0.17787059900460772,46828,0.3602181555242733
37157,91285,10331,0.11317302952292271,39965,0.43780467765788467
37159,142495,23916,0.16783746798133267,54821,0.38472227095687567
37161,67076,9775,0.14573021647086887,24105,0.35936847754785617
37163,63382,10216,0.16118140797071723,28484,0.4494020384336247
37165,34637,5107,0.1474434852902965,14215,0.41039928400265613
37167,63239,10266,0.16233653283575009,22892,0.3619918088521324
37169,45743,5417,0.11842249087292045,18727,0.40939597315436244
37171,71683,10645,0.14850103929802044,32466,0.4529107319727132
37175,34498,3382,0.09803466867644502,16956,0.4915067540147255
37179,244562,32619,0.13337722131811156,114515,0.4682452711377892
37181,44718,5949,0.13303367771367236,21824,0.4880361375732367
37183,1132271,117087,0.10340898954402258,697748,0.6162376321569659
37189,56441,5936,0.10517177229319112,27359,0.48473627327651886
37191,123967,14255,0.11499027967120282,54592,0.44037526115821146
37193,68043,9430,0.1385888335317373,28222,0.4147671325485355
37195,81979,12049,0.14697666475560814,37188,0.453628368240647
37197,37625,5249,0.13950830564784053,16563,0.4402126245847176
38015,96212,3898,0.040514696711428926,40184,0.41766099862802974
38017,183904,5075,0.027595919610231424,92904,0.5051766138855055
38035,69481,2462,0.035434147464774544,34539,0.4970999265986385
38059,31503,1287,0.04085325207123131,11950,0.3793289527981462
38089,32107,1251,0.03896346591086056,9912,0.30871772510667456
38101,68466,2217,0.03238103584260801,27395,0.40012560979172146
38105,38700,1069,0.027622739018087854,9643,0.24917312661498708
39001,27531,3163,0.11488867095274417,8370,0.3040209218698921
39003,101980,13424,0.13163365365757992,39032,0.3827417140615807
39005,53362,5471,0.10252614219856827,20233,0.3791649488399985
39007,96513,7309,0.07573073057515568,44993,0.4661859024172909
39009,65481,6474,0.098868374032162,29916,0.4568653502542722
39011,45680,5640,0.1234676007005254,16136,0.3532399299474606
39013,65932,7615,0.11549778559728205,27737,0.4206910149851362
39015,43414,5055,0.1164370940249689,15733,0.3623946192472474
39017,385648,44859,0.11632110110774592,190425,0.49377930133178444
39019,26897,2376,0.08833698925530728,10570,0.39298062981001597
39021,38960,4129,0.10598049281314169,15585,0.4000256673511294
39023,133593,16890,0.12642877995104534,61950,0.46372190159664056
39025,207449,24414,0.1176867567450313,104455,0.5035213474155094
39027,41921,4938,0.11779299157939935,17526,0.4180720879750006
39029,101118,10888,0.10767618030419905,44590,0.440969955893115
39031,36449,3319,0.09105873960876841,12688,0.3481028286098384
39033,41338,5018,0.12138952053800377,16769,0.40565581305336496
39035,1227883,129632,0.10557357663555893,704291,0.5735815220179773
39037,51205,6242,0.12190215799238356,17806,0.34773947856654625
39039,37778,5164,0.1366933135687437,16783,0.44425326909841706
39041,213554,21349,0.09997003099918522,137311,0.642980229824775
39043,73719,9311,0.12630393792645045,39768,0.5394538721360843
39045,159709,19397,0.12145214108159215,79366,0.4969413120112204
39047,28579,3430,0.12001819517827776,10985,0.38437314111760384
39049,1324624,146049,0.110256948386863,739967,0.5586241831644301
39051,41889,4984,0.1189811167609635,19894,0.4749218171835088
39053,29802,3160,0.10603315213744044,11934,0.40044292329373865
39055,93271,7867,0.08434561653675848,51742,0.554749064553827
39057,170122,19282,0.11334218972266961,97306,0.5719777571389943
39059,38779,4284,0.11047216276850873,15501,0.39972665617989117
39061,817985,92456,0.11302896752385434,451654,0.5521543793590347
39063,75407,7916,0.10497699152598565,34599,0.45883008208786985
39065,31469,3321,0.10553242873939432,10500,0.33366169881470653
39069,26904,3012,0.11195361284567351,13145,0.4885890573892358
39071,43304,4944,0.1141695917236283,14406,0.3326713467578053
39073,28095,2703,0.09620928990923652,11967,0.42594767752269086
39075,44004,3071,0.06978911008090173,7191,0.16341696209435505
39077,57979,6930,0.11952603528863899,24759,0.42703392607668295
39079,32493,3903,0.12011817930015696,13310,0.40962668882528547
39081,64939,6898,0.10622276290056823,29109,0.44825143596298067
39083,62423,6061,0.09709562180606507,24064,0.38549893468753504
39085,229569,23664,0.10308011970257308,134592,0.5862812487748782
39087,59091,7601,0.12863210979675416,23180,0.39227631957489295
39089,178100,19475,0.10934868051656373,86554,0.485985401459854
39091,45326,4722,0.1041786171292415,17291,0.3814808277809646
39093,312172,29940,0.09590866573555604,173697,0.5564144125674307
39095,428294,48838,0.11402914820193605,219061,0.51147342713183
39097,44559,5146,0.11548733140330797,20245,0.4543414349514127
39099,226075,25550,0.1130155921707398,115910,0.512705960411368
39101,64820,10004,0.1543350817648874,27755,0.42818574514038876
39103,180912,18923,0.10459781551251437,102545,0.5668225435570885
39105,22678,1874,0.08263515301172943,8918,0.39324455419349147
39107,41274,5323,0.12896738867083393,14192,0.34384842758152834
39109,107516,12970,0.12063320808065776,45215,0.42054205885635626
39113,531610,64110,0.12059592558454506,263601,0.4958541035721676
39117,35411,3487,0.0984722261444184,13116,0.3703933805879529
39119,86020,11198,0.1301790281329923,37349,0.4341897233201581
39123,40253,4190,0.10409162050033538,22610,0.5616972648001392
39127,36215,3815,0.10534308987988403,13082,0.36123153389479495
39129,58658,9977,0.1700876265811995,26151,0.4458215418186778
39131,27695,3393,0.1225130890052356,10756,0.38837335259072037
39133,162583,15342,0.09436410940873277,82876,0.5097457913804027
39135,40836,4626,0.1132823978842198,15695,0.3843422470369282
39137,33654,4640,0.13787365543471802,14721,0.4374220003565698
39139,120891,15091,0.12483145974472873,47180,0.3902689199361408
39141,76420,8749,0.11448573671813661,34581,0.4525124313007066
39143,58351,6484,0.11112063203715446,27806,0.47652996521053625
39145,74347,8960,0.12051595894925149,32733,0.44027331297833133
39147,54938,5995,0.10912301139466307,24125,0.4391313844697659
39149,48337,5436,0.11246043403603864,15556,0.32182386163808263
39151,369772,39379,0.10649535389375074,179239,0.48472842724706033
39153,538866,54248,0.10067066766134809,302806,0.5619319088604589
39155,196800,18896,0.09601626016260163,97110,0.49344512195121953
39157,91776,10139,0.11047550557880056,36446,0.39711907252440726
39159,60021,6859,0.11427666983222538,32108,0.5349461021975642
39161,28159,2911,0.10337725061259277,10861,0.3857026172804432
39165,238412,28790,0.1207573444289717,132611,0.5562261966679529
39167,59652,6474,0.10852947093140214,28793,0.4826828941192248
39169,115694,11250,0.09723926910643595,46677,0.40345221014054317
39171,36565,4225,0.11554765486120608,14863,0.406481608095173
39173,131113,14928,0.11385598682052886,72414,0.5523022125952423
39175,21711,2624,0.1208603933489936,9264,0.42669614481138596
40001,21955,4562,0.20778865861990434,6414,0.29214301981325436
40009,21468,3067,0.14286379727967208,8022,0.37367244270542205
40013,48998,7845,0.1601085758602392,16421,0.3351361280052247
40015,28684,4728,0.16483056756379863,16231,0.5658555292148933
40017,153192,20871,0.13624079586401378,74653,0.4873165700558776
40019,48353,8204,0.16966889334684507,18229,0.3769983248195562
40021,49019,8269,0.16868969175217774,19494,0.39768253126338765
40027,287066,38649,0.13463454397246627,133294,0.4643322441529126
40031,121099,18801,0.15525313999289836,62915,0.5195336047366205
40037,71485,9730,0.13611247114779323,27312,0.3820661677274953
40039,28648,4603,0.16067439262775762,12443,0.43434096621055573
40041,43136,6680,0.15485905044510387,13956,0.3235348664688427
40047,60869,8996,0.14779280093315153,26585,0.4367576270351082
40049,27691,4393,0.15864360261456792,11600,0.41890867068722687
40051,55906,7262,0.12989661217042894,18674,0.33402497048617324
40065,24305,3508,0.14433244188438593,11269,0.4636494548446822
40071,43274,6503,0.15027499191200258,16170,0.3736654804270463
40079,49935,7332,0.14683088014418744,17239,0.3452287974366677
40081,35045,4297,0.12261378227992581,12203,0.34820944499928663
40083,48777,5459,0.11191750210140025,14352,0.2942370379482133
40087,41348,6643,0.16066073328818806,17342,0.41941569120634614
40089,32772,5141,0.15687171976077138,10058,0.30690833638471865
40097,41152,5762,0.14001749611197511,15543,0.37769731726283046
40101,67610,12134,0.17947049253069072,30081,0.4449193906226889
40109,804041,108149,0.1345068224132849,445910,0.5545861467263485
40111,38234,5234,0.1368938641000157,14602,0.38191138777004763
40113,46642,6066,0.13005445735603105,14122,0.3027743235710304
40115,30879,5612,0.18174163671103338,10520,0.34068460766216524
40119,81755,10927,0.13365543391841478,34935,0.42731331417038715
40121,43679,6152,0.14084571533231072,17227,0.39440005494631286
40123,38397,6187,0.16113238013386463,17508,0.45597312290022657
40125,72998,10496,0.14378476122633496,30377,0.4161346886216061
40131,93155,13878,0.14897751060061187,37765,0.40539960281251675
40133,24248,3431,0.1414962058726493,11238,0.46346090399208184
40135,41538,6133,0.14764793682892774,14334,0.3450816120179113
40137,43100,6728,0.15610208816705337,18001,0.4176566125290023
40143,657589,96995,0.1475009466399225,350514,0.5330289892318758
40145,82925,11375,0.1371721435031655,33673,0.40606572203798613
40147,52222,7317,0.14011336218451995,19292,0.3694228486078664
40153,19812,3382,0.17070462346052898,6824,0.34443771451645466
41003,93239,4462,0.047855511105867714,63439,0.6803912525874366
41005,421596,25944,0.061537585745595307,256631,0.6087130807692672
41007,40423,2013,0.04979838210919526,24029,0.5944388095886005
41009,52876,3106,0.05874120584007868,28538,0.5397155609350178
41011,64711,3983,0.06155058645361685,33415,0.5163727959697733
41013,25105,2030,0.0808603863772157,11170,0.4449312885879307
41015,23305,1545,0.06629478652649647,11481,0.4926410641493242
41017,201769,15859,0.07859978490253706,121905,0.6041810188879362
41019,111364,10360,0.09302826766279947,54062,0.48545310872454295
41027,23280,1536,0.06597938144329897,17465,0.7502147766323024
41029,221844,20329,0.09163646526387913,115779,0.5218937631849407
41031,24856,3008,0.12101705825555198,13526,0.5441744448020599
41033,88053,8266,0.0938752796611132,40440,0.45926884944294916
41035,68739,6224,0.09054539635432578,31041,0.45157770697857114
41039,382986,23377,0.061038784707535,237686,0.6206127639130412
41041,50583,2613,0.051657671549730146,32212,0.6368147401300832
41043,131054,9767,0.07452653104827017,65570,0.5003281090237612
41045,30983,4699,0.1516638156408353,12457,0.4020591937514121
41047,349204,31745,0.09090674791812235,194940,0.5582410281669168
41051,815637,49889,0.061165690129309974,574427,0.7042679525328056
41053,87744,5972,0.06806163384390955,49226,0.5610184172137126
41057,27442,1758,0.0640623861234604,16117,0.5873114204504045
41059,77752,12301,0.15820814898652125,37845,0.4867398909352814
41061,26551,2618,0.09860268916424994,11727,0.4416782795374939
41065,26403,2249,0.08517971442639094,15731,0.5958035071772148
41067,603514,34184,0.056641602348909886,404117,0.6696066702677983
41071,107664,7211,0.06697689106850943,60311,0.5601779610640512
42001,102742,11177,0.10878705884643086,50797,0.49441319032138753
42003,1211358,114844,0.09480599459449643,738536,0.6096760825453746
42005,64162,6865,0.10699479442660766,34269,0.5341011813846201
42007,162575,18144,0.11160387513455328,79408,0.48843918191603874
42009,47817,5245,0.10968902273250099,16400,0.3429742560177343
42011,421017,52456,0.12459354372863804,231839,0.5506642249600372
42013,121007,14538,0.12014180997793517,55729,0.4605436049154181
42015,60221,6479,0.10758705434981153,22875,0.37985088258248784
42017,627987,66738,0.10627290055367389,403337,0.6422696648179023
42019,189135,20402,0.10787003991857667,107451,0.5681180109445634
42021,128672,16070,0.1248911962198458,65743,0.5109347799054962
42025,64081,7203,0.11240461291178352,36710,0.572868713035065
42027,161496,18392,0.11388517362659137,88309,0.5468184970525586
42029,526759,45488,0.08635448089164115,318383,0.6044187189967328
42031,38305,3533,0.0922333898968803,15736,0.4108079885132489
42033,78612,9484,0.12064315880527146,36329,0.46213046354246173
42035,37957,3985,0.10498722238322312,15268,0.4022446452564744
42037,64842,6528,0.10067548810955862,36969,0.5701397242527991
42039,83697,8714,0.10411364803995364,38265,0.45718484533495823
42041,255857,23497,0.09183645552007566,156558,0.6118964890544327
42043,279874,29692,0.10609059791191751,160681,0.5741190678662541
42045,566753,57405,0.10128750972645932,368169,0.6496110298489818
42047,29607,3150,0.10639375823285034,15657,0.5288276421116628
42049,268426,23858,0.08888110689724542,145628,0.5425256867814593
42051,128126,14607,0.11400496386369667,68301,0.5330768150102243
42055,155637,18062,0.11605209558138489,69386,0.445819438822388
42059,35621,3834,0.1076331377558182,15529,0.43595070323685464
42061,44590,5695,0.12771921955595425,20781,0.46604619869925995
42063,83664,7235,0.08647685982023331,35590,0.425392044367948
42065,43108,3687,0.08552936809872877,19549,0.4534889115709381
42067,24619,2355,0.0956578252569154,9748,0.3959543442056948
42069,208989,20114,0.09624429993923125,138349,0.6619917794716468
42071,546192,62089,0.11367614318774351,310790,0.5690123619533058
42073,85083,8943,0.10510912873311942,42208,0.4960802980618925
42075,141663,17901,0.12636327057876792,70980,0.5010482624256157
42077,370802,44292,0.11944919390941797,241342,0.6508648820664398
42079,316982,35240,0.11117350512016455,180519,0.5694929049599031
42081,113209,13315,0.11761432394950931,54601,0.4823026437827381
42083,40333,4052,0.10046364019537352,14315,0.3549202885974264
42085,108545,11059,0.10188401123957805,55425,0.5106177161545903
42087,46064,5844,0.12686696769711706,22185,0.4816125390760681
42089,170154,17067,0.10030325469868472,93139,0.5473806081549655
42091,833869,77835,0.09334199976255263,511316,0.6131850446532968
42095,305892,40384,0.13202045166267834,181663,0.5938795391837642
42097,90258,10689,0.11842717543043275,49705,0.5506991070043653
42099,46212,4353,0.09419631264606595,21397,0.463018263654462
42101,1578487,170109,0.1077671213003338,882830,0.559288736619307
42103,56072,4516,0.08053930660579255,28455,0.5074725353117421
42107,140709,16285,0.11573531188481191,79550,0.5653511857805826
42109,40317,3973,0.0985440384949277,16814,0.4170449190167919
42111,72916,8855,0.12144111031872291,32233,0.44205661308903393
42115,40006,2960,0.07398890166475029,17103,0.4275108733689946
42117,40381,3506,0.0868230108219212,16052,0.3975136821772616
42119,44294,6505,0.14685961981306722,24292,0.5484264234433558
42121,50328,4708,0.09354633603560643,20085,0.3990820219360992
42123,38911,3015,0.07748451594664747,17153,0.4408265015034309
42125,206803,20540,0.0993215765728737,119896,0.5797594812454365
42127,51163,4785,0.09352461739929245,29176,0.5702558489533452
42129,347087,38178,0.10999547663842207,186594,0.5376000829763143
42133,450448,52852,0.11733207828650588,244373,0.5425110112599012
44001,48350,5331,0.11025853154084798,33740,0.6978283350568769
44003,164646,19586,0.11895824982082771,115384,0.7008005053265794
44005,81836,7035,0.08596461215113153,57766,0.7058751649640745
44007,636547,102902,0.16165656267329828,396385,0.62271128447703
44009,125746,11316,0.08999093410525981,88285,0.7020899273137913
45001,24404,3272,0.13407638092116048,8809,0.3609654155056548
45003,172895,24797,0.14342230833743022,70234,0.4062234304057376
45007,204353,31929,0.15624434189857747,72995,0.35720053045465444
45011,20805,3558,0.1710165825522711,10095,0.4852198990627253
45013,195656,25321,0.1294159136443554,112579,0.575392525657276
45015,235987,28337,0.12007864840012374,94340,0.3997677838186002
45019,417981,60678,0.14516927802938412,236091,0.5648366791791971
45021,57316,8356,0.14578826156745062,17379,0.3032137623002303
45023,32232,5774,0.17913874410523703,12937,0.40137130801687765
45025,45606,6411,0.14057360873569266,14705,0.3224356444327501
45027,33415,4534,0.1356875654646117,13948,0.4174173275475086
45029,37481,5298,0.14135161815319763,16098,0.42949761212347587
45031,66509,10871,0.16345156294636817,28600,0.4300169901817799
45033,30367,5766,0.18987716929561696,12017,0.39572562320940496
45035,165737,30533,0.18422561045511865,75724,0.45689254662507467
45037,27120,4030,0.14859882005899705,14413,0.531452802359882
45039,22059,3093,0.14021487828097376,10866,0.4925880592955256
45041,137588,24602,0.17880919847661134,66553,0.4837122423467163
45043,63353,8914,0.14070367622685587,31010,0.4894795826559121
45045,532486,94179,0.17686662184545696,252543,0.47427162404269785
45047,71074,9930,0.13971353800264513,30871,0.43435011396572587
45051,365449,56606,0.15489439018850784,179167,0.49026539954959514
45053,31588,3621,0.1146321387868811,9838,0.3114473850829429
45055,67472,10842,0.16068887834953757,33878,0.5021045767133033
45057,100926,14355,0.14223292313179953,37967,0.37618651289063276
45059,67883,9633,0.1419059263733188,23140,0.34088063285358633
45063,303946,50024,0.16458186651576268,144169,0.4743243865686668
45067,30158,4830,0.16015650905232443,13180,0.43703163339744017
45069,25581,4371,0.17086900433915797,9913,0.38751417067354677
45071,38445,6924,0.18010144362075692,18155,0.47223306021589284
45073,80015,13214,0.165144035493345,32544,0.40672373929888145
45075,85343,13426,0.15731811630713707,41906,0.4910303129723586
45077,127983,24740,0.1933069235757874,52946,0.4136955689427502
45079,419051,64219,0.15324864992566536,223128,0.5324602494684418
45081,20315,2314,0.11390598080236279,5619,0.2765936500123062
45083,326205,54262,0.16634325041001824,123499,0.3785932159225027
45085,106360,14651,0.13774915381722452,46362,0.43589695374200826
45087,26991,3723,0.1379348671779482,9919,0.3674928679930347
45089,29825,5229,0.17532271584241407,15374,0.5154735959765298
45091,289105,42835,0.1481641618097231,116572,0.40321682433717854
46011,35603,4230,0.1188102126225318,13858,0.3892368620621858
46013,38738,5620,0.1450771851928339,18819,0.4858020548298828
46029,28186,4650,0.16497551976158376,11172,0.3963669907046051
46081,26221,3015,0.11498417299111399,10747,0.40986232409137713
46083,63019,8720,0.13837096748599628,25046,0.39743569399704853
46093,28588,2803,0.09804813208339164,12599,0.4407093885546383
46099,196659,31953,0.16247921529144357,102903,0.5232559913352555
46103,115926,14116,0.12176733433397167,47250,0.40758759898555974
46135,22742,3039,0.133629408143523,12914,0.5678480344736611
47001,77558,11363,0.14650970886304443,37800,0.48737718868459734
47003,50179,8235,0.16411247733115447,17985,0.3584168676139421
47009,134751,21240,0.15762406215909344,61840,0.4589205274914472
47011,109071,20411,0.18713498546818128,39220,0.359582290434671
47013,39837,5611,0.14084895951000326,15201,0.38157993824836206
47017,27779,5062,0.18222398214478563,11740,0.42262140465819503
47019,56418,9202,0.1631039739090361,20259,0.3590875252578964
47021,41101,6316,0.1536702270017761,18003,0.43801853969489796
47025,32023,4542,0.1418355556943447,12757,0.39836992161883644
47029,36225,6419,0.17719806763285023,16149,0.44579710144927537
47031,57632,9453,0.16402345918933925,22674,0.39342726263187117
47035,61603,9777,0.15870980309400518,25728,0.4176419979546451
47037,694176,112810,0.16250921956391462,393138,0.5663376434794635
47041,20837,3843,0.18443154004895138,7360,0.3532178336612756
47043,54376,9499,0.17469104016477857,22737,0.4181440341327056
47045,36693,7542,0.20554329163600688,12941,0.35268307306570734
47047,41620,6693,0.16081210956271025,19985,0.4801777991350312
47051,42485,7194,0.16933035188890197,15059,0.35445451335765565
47053,49159,9824,0.19984133119062633,19396,0.39455643930918044
47055,29530,5234,0.17724348120555367,10105,0.3421943785980359
47057,23565,3737,0.1585826437513261,10283,0.4363674941650753
47059,69571,11663,0.16764168978453667,28773,0.4135774963706142
47063,65110,11957,0.1836430655813239,24538,0.37686991245584395
47065,371662,58964,0.15864952564426818,184791,0.49720175858710336
47069,24836,4722,0.19012723465936543,10030,0.4038492510871316
47071,25583,4987,0.19493413594965406,9275,0.3625454403314701
47073,56775,8994,0.15841479524438573,22340,0.393483047115808
47077,28076,5044,0.17965522154153013,10437,0.37174098874483547
47079,32056,4953,0.15451085600199652,13574,0.42344646867981034
47081,25387,4191,0.16508449206286682,9243,0.36408397998975855
47089,55307,8811,0.15931075632379266,24287,0.4391306706203555
47093,475609,70314,0.1478399273352691,249981,0.525601912495348
47097,25451,4863,0.19107304231660838,8469,0.33275706259086085
47099,44432,8694,0.19566978754051134,14207,0.3197470291681671
47103,34540,5972,0.17290098436595253,12822,0.3712217718587145
47105,54910,8316,0.15144782371152796,30993,0.5644327080677473
47107,54208,9470,0.17469746162927982,18848,0.3476977567886659
47109,25696,4139,0.16107565379825653,10939,0.42570828144458284
47111,24827,4821,0.19418375156080075,6773,0.27280783018487936
47113,98360,16360,0.16632777551850345,47450,0.4824115494103294
47115,28924,5055,0.174768358456645,11487,0.3971442400774443
47117,35016,6195,0.17691912268677176,12781,0.3650045693397304
47119,99590,17898,0.17971683904006427,54502,0.5472637815041671
47123,47177,8749,0.18545053733810968,17958,0.38065158869788246
47125,214251,29427,0.13734825041656748,103892,0.484907888411256
47129,21431,3224,0.15043628388782604,9718,0.45345527506882555
47131,30131,5970,0.1981348113238857,10570,0.35080150011615946
47133,22566,4119,0.18253124169103963,7095,0.3144110608880617
47141,80929,15381,0.19005548073002262,36492,0.45091376391651944
47143,33443,6303,0.1884699339174117,12592,0.3765212451036091
47145,53841,8885,0.16502293790977135,21128,0.39241470255010125
47147,72275,12892,0.17837426496022138,32670,0.45202352127291595
47149,339261,57049,0.16815666993848394,153577,0.4526809742351759
47151,22090,4211,0.19062924400181078,7057,0.3194658216387506
47155,99244,17991,0.18128048043206643,43262,0.43591552134134054
47157,936017,135165,0.14440442855204552,432086,0.46162195772085335
47159,20285,3781,0.186393887108701,5828,0.28730589105250187
47163,158755,23765,0.14969607256464362,79508,0.5008220213536582
47165,195561,31919,0.16321761496412884,80307,0.41064936260297297
47167,61918,10436,0.16854549565554444,21257,0.3433088924060855
47177,41605,7680,0.18459319793294074,14797,0.35565436846532866
47179,130367,19814,0.15198631555531691,68099,0.5223637883820292
47183,33334,5591,0.16772664546709065,11103,0.33308333833323334
47185,27707,5010,0.18082073122315662,10413,0.3758256036380698
47187,245348,37731,0.15378564324958835,138581,0.5648344392454799
47189,148130,24983,0.16865591034901775,66993,0.4522581516235739
49003,57007,6942,0.12177451891872929,23021,0.4038276001192836
49005,130004,19050,0.14653395280145226,60699,0.46690101843020215
49007,20760,1571,0.07567437379576109,8397,0.4044797687861272
49011,359232,48105,0.1339106761090326,197002,0.5483976928558703
49021,56814,7239,0.12741577780124616,20830,0.36663498433484704
49035,1165517,174200,0.14946156941511793,677144,0.5809816587831838
49039,31393,4557,0.14515974898862805,10384,0.33077437645334945
49041,21780,2952,0.13553719008264462,7798,0.35803489439853076
49043,42499,5758,0.13548554083625497,31565,0.7427233581966635
49045,74512,8920,0.11971226111230406,34588,0.46419368692291174
49047,35970,3800,0.105643591882124,12186,0.33878231859883234
49049,651059,108102,0.16604025134434822,289325,0.4443913685242044
49051,35300,5399,0.15294617563739377,17265,0.4890934844192635
49053,184913,24269,0.1312455046427239,78047,0.4220741646071396
49057,262658,35565,0.13540421384461923,128890,0.49071416061951284
50001,36851,1197,0.03248215787902635,22969,0.623293804781417
50003,35338,1857,0.052549663252023315,13403,0.3792800950817817
50005,29705,1171,0.039420972900185154,9645,0.3246928126578017
50007,164306,8483,0.051629277080569184,105360,0.641242559614378
50011,49685,2348,0.04725772365905203,15948,0.3209821877830331
50019,26897,1527,0.05677213072089824,13897,0.5166747220879652
50021,57764,2429,0.042050412021328164,35849,0.6206114535004501
50023,58328,2453,0.042055273625017146,23821,0.4083973391852969
50025,42015,1456,0.03465429013447578,25026,0.5956444127097466
50027,54988,1672,0.03040663417472903,24639,0.4480795809994908
51001,32238,3404,0.10558967677895652,20464,0.6347788324337738
51003,110652,6591,0.0595651230886021,64695,0.5846708599934931
51009,31667,3427,0.108219913474595,13581,0.42886916979821266
51013,240119,16755,0.06977790179036228,160355,0.6678147085403487
51015,76544,7657,0.10003396739130435,34550,0.451374372909699
51019,79811,7692,0.09637769229805415,32609,0.408577764969741
51023,33633,2967,0.08821692980108822,15404,0.458002557012458
51027,20613,1819,0.0882452821035269,8966,0.4349682239363509
51031,55304,5610,0.10143931722841024,20861,0.3772059887169102
51033,30860,3155,0.10223590408295528,11567,0.37482177576150355
51035,30074,3092,0.10281306111591408,9277,0.30847243466116914
51041,358245,32790,0.09152953984005359,180083,0.502681126045025
51047,53569,5231,0.09764976012245888,22684,0.4234538632418003
51053,28688,2516,0.087702175125488,12489,0.4353388176240937
51059,1150847,83342,0.0724179669408705,788064,0.6847686964470516
51061,71361,5615,0.07868443547596025,38190,0.5351662672888553
51065,27422,2118,0.07723725475895267,15415,0.5621398876814236
51067,56167,4820,0.08581551444798548,22463,0.39993234461516547
51069,91119,9253,0.10154852445702872,39236,0.4306017405809985
51073,37459,2980,0.07955364531888198,19884,0.5308203635975333
51075,24431,1655,0.067741803446441,14598,0.5975195448405715
51083,33633,3007,0.08940623792108941,13596,0.40424582998840425
51085,108262,9733,0.08990227411280043,59095,0.5458517300622564
51087,333766,29477,0.08831636535776562,170867,0.5119365064146738
51089,50309,5297,0.1052893120515216,18655,0.37080840406289134
51093,37725,3625,0.09609012591119948,16774,0.4446388336646786
51095,77612,5536,0.07132917590063392,38967,0.5020744214812143
51099,27381,1968,0.07187465760929111,11567,0.4224462218326577
51105,23238,2785,0.11984680265083053,10528,0.4530510370944143
51107,422784,30502,0.07214558734483803,259561,0.613932882985165
51109,38132,2372,0.06220497220182524,15127,0.3967009335990769
51117,30679,2647,0.08628051761791454,12314,0.4013820528700414
51121,98391,10193,0.10359687369779756,42034,0.42721387118740534
51127,23648,1775,0.07505920162381596,11038,0.4667625169147497
51137,37695,2643,0.07011539992041385,15088,0.4002652871733652
51139,23933,2394,0.1000292483182217,8461,0.3535286006768896
51143,59850,6394,0.10683375104427736,23222,0.38800334168755224
51145,30148,2205,0.07313918004511079,11415,0.37863208173013135
51147,23006,2417,0.10505954968269147,6930,0.3012257671911675
51149,38686,4168,0.10773923383136018,20578,0.531923693325751
51153,475533,48977,0.10299390368281486,295086,0.620537375954981
51155,33935,3154,0.09294238986297333,13789,0.4063356416678945
51161,94509,9486,0.10037139320064756,44794,0.4739654424446349
51163,22757,1683,0.07395526651140308,9974,0.43828272619413805
51165,82346,7624,0.09258494644548612,33333,0.4047919753236344
51167,26647,2687,0.1008368671895523,11273,0.4230494990055166
51169,21629,2244,0.1037495954505525,10914,0.504600305145869
51171,43905,4871,0.11094408381733288,19449,0.4429791595490263
51173,30090,3380,0.11232967763376538,13068,0.4342971086739781
51177,138449,11898,0.08593778214360523,57072,0.41222399583962327
51179,156748,13329,0.08503457779365606,74151,0.47305866741521424
51185,40529,4418,0.10900836438106047,15325,0.3781243060524563
51187,40475,3745,0.09252625077208153,14167,0.3500185299567634
51191,53695,6004,0.11181674271347425,27882,0.5192662259055778
51195,37206,3910,0.10509057678869,15296,0.4111164865881847
51197,28620,3377,0.11799440950384346,10069,0.3518169112508735
51199,69199,4454,0.064365091981098,35390,0.5114235754851949
51510,158726,12869,0.08107682421279437,89417,0.5633418595567203
51540,46950,4472,0.09525026624068157,22537,0.4800212992545261
51550,247011,24904,0.1008214209083806,101198,0.4096902567092154
51590,39869,4972,0.12470842007574807,13359,0.3350723619855025
51630,29492,2411,0.08175098331750984,10982,0.3723721687237217
51650,135464,12640,0.09330892340400401,72727,0.5368732652217564
51660,53204,6995,0.13147507706187506,19786,0.3718893316292008
51670,22375,3109,0.13894972067039107,6627,0.29617877094972067
51680,81561,8369,0.10261031620504898,24882,0.30507227719130464
51683,40869,4482,0.10966747412464214,19100,0.46734688883995207
51700,179062,17107,0.09553674146385051,85086,0.47517619595447386
51710,242803,21134,0.08704175813313673,114731,0.4725271104558016
51730,30446,4407,0.14474807856532879,10402,0.34165407606910597
51740,95094,10377,0.10912360401287148,76907,0.808747134414369
51760,232226,19911,0.08573975351597152,93632,0.4031934408722537
51770,99058,9788,0.09881079771447031,38994,0.3936481657210927
51775,25340,2549,0.10059194948697711,11780,0.4648776637726914
51790,25190,2785,0.11055974593092498,11509,0.45688765383088525
51800,93913,9301,0.09903847177707027,41565,0.442590482680779
51810,451231,43008,0.09531260041974067,232871,0.5160793473852638
51820,22741,2667,0.11727716459258608,9550,0.4199463524031485
51840,27700,3216,0.11610108303249098,11527,0.4161371841155235
53003,22820,2259,0.09899211218229623,8370,0.366783523225241
53005,206426,27270,0.132105451832618,100674,0.4877001928051699
53007,77574,9354,0.12058163817773997,48316,0.622837548663212
53009,78067,3584,0.04590928305173761,47944,0.614139136895231
53011,496865,35182,0.07080796594648446,278319,0.5601501413864933
53015,111371,11027,0.09901141230661482,57892,0.5198121593592587
53017,43560,5137,0.11792929292929293,23642,0.5427456382001836
53021,97075,17930,0.18470254957507082,41983,0.4324800412052537
53025,99377,13205,0.1328778288738843,48012,0.48312989927246747
53027,75950,6593,0.0868071099407505,39200,0.5161290322580645
53029,86014,3020,0.03511056339665636,49884,0.5799521008207966
53033,2274315,144553,0.06355891774006679,1595222,0.7014076765971292
53035,272787,13716,0.05028098846352649,156433,0.5734620784714815
53037,49204,4161,0.08456629542313633,23251,0.47254288269246403
53039,22697,1454,0.06406132969114861,9793,0.4314667136625986
53041,82109,8208,0.09996468109464249,36488,0.4443849029947996
53045,68224,4372,0.06408302063789868,35533,0.5208284474671669
53047,42620,3978,0.09333646175504458,25990,0.6098076020647584
53049,22984,1507,0.06556735120083536,11237,0.488905325443787
53053,913890,78171,0.08553655253914585,502888,0.5502719145630218
53057,130789,8612,0.06584651614432406,76594,0.5856302900090986
53061,830393,55456,0.06678283656052014,502607,0.6052640135453936
53063,528225,61709,0.11682332339438686,280705,0.531411803682143
53065,46360,3727,0.08039257981018119,15893,0.34281708369283864
53067,294074,16581,0.0563837673510749,169100,0.5750253337595299
53071,61292,7577,0.123621353520851,34362,0.5606278143966587
53073,231016,13691,0.05926429338227655,147100,0.6367524327319319
53075,49500,4985,0.1007070707070707,20539,0.4149292929292929
53077,251879,38546,0.15303379797442423,133090,0.5283886310490354
54039,176253,1245,0.007063709553879934,56062,0.3180768554294111
55001,20498,1931,0.09420431261586497,10294,0.5021953361303542
55005,45090,6163,0.13668219117320915,21807,0.48363273453093814
55009,264610,35220,0.1331015456709875,151161,0.5712595895846718
55015,50209,6562,0.13069370033260969,25113,0.5001692923579438
55017,64737,7707,0.11905092914407525,33112,0.5114849313375659
55019,34720,3797,0.10936059907834102,11598,0.3340437788018433
55021,57668,5691,0.09868557952417285,34416,0.5967954498161893
55025,552536,49750,0.09003938204931443,401744,0.7270910854677343
55027,87336,10275,0.11764907941742236,40685,0.4658445543647522
55029,27889,2933,0.10516691168561082,19645,0.7043995840654022
55031,43702,4779,0.10935426296279346,16507,0.37771726694430463
55033,45452,5434,0.11955469506292353,19875,0.4372744873712928
55035,105260,12763,0.12125213756412692,58070,0.5516815504465133
55039,102902,14053,0.1365668305766652,51213,0.49768711978387203
55043,51021,5200,0.1019188177417142,25665,0.5030281648732875
55045,36603,3777,0.10318826325711007,21264,0.5809359888533727
55049,23640,2248,0.09509306260575297,14790,0.6256345177664975
55053,20630,2299,0.1114396509936985,9234,0.44760058167716915
55055,85038,9565,0.11247912697852724,43450,0.5109480467555682
55057,26908,2712,0.10078786977850454,12561,0.4668128437639364
55059,169671,19166,0.11295978688167099,89092,0.5250867856027253
55061,20386,2713,0.13308152653782007,9565,0.46919454527616994
55063,118502,13914,0.11741573981873724,72175,0.609061450439655
55069,27566,3394,0.12312268736849742,13817,0.5012334034680404
55071,78757,8233,0.1045367395914014,42808,0.5435453356527039
55073,135593,16816,0.12401820152957749,72624,0.5356028703546644
55075,40262,4717,0.11715761760468929,19360,0.4808504296855596
55079,945016,77755,0.08227903019631413,525761,0.5563514268541485
55081,46582,5286,0.11347730883173758,21674,0.46528702073762396
55083,38383,5462,0.142302581872183,18132,0.47239663392647785
55085,35751,3713,0.10385723476266398,21422,0.5992000223769964
55087,188766,23115,0.12245319602046979,106989,0.5667810940529544
55089,90043,9693,0.1076485679064447,57298,0.6363404151349911
55093,42700,4561,0.10681498829039812,16839,0.3943559718969555
55095,43794,5223,0.11926291272777093,19981,0.4562497145727725
55097,71032,7845,0.11044318053834891,39278,0.5529620452753689
55101,195802,23762,0.12135728950674661,104716,0.5348055688910226
55105,163084,18048,0.11066689558754997,100083,0.6136898776090849
55109,91838,9467,0.1030836908469261,39609,0.43129205775387097
55111,64449,6650,0.10318236124687738,36509,0.566478921317631
55115,40786,4969,0.12183102044819301,19408,0.47584955622027164
55117,115240,14460,0.1254772648385977,63225,0.5486376258243666
55119,20318,2289,0.11265872625258391,6462,0.3180431144797716
55121,29681,3801,0.12806172298776997,17264,0.5816515616050673
55123,30861,2179,0.0706069148763812,15352,0.497456336476459
55125,22356,2191,0.09800500984075863,13455,0.6018518518518519
55127,103953,12022,0.11564841803507354,49951,0.4805152328456129
55131,136445,17247,0.12640257979405622,70509,0.5167576679248048
55133,406172,49432,0.12170213604088909,252653,0.6220345075485263
55135,50664,5736,0.11321648507816201,24700,0.48752565924522345
55137,24326,2164,0.08895831620488366,9769,0.4015867795774069
55139,171631,21220,0.12363733824309128,93680,0.5458221416876905
55141,72560,8096,0.1115766262403528,40078,0.5523428886438809
56001,38950,5395,0.1385109114249037,18403,0.4724775353016688
56005,46676,6867,0.14712057588482302,11562,0.24770760133687547
56013,39317,6783,0.1725207925324923,21343,0.5428440623648804
56021,100595,13835,0.1375316864655301,46622,0.46346239872757095
56025,80815,11269,0.13944193528429127,30451,0.3767988615974757
56029,29331,3860,0.13160137738229177,11878,0.40496403122975694
56033,30863,4177,0.13534005119398632,13628,0.4415643326961086
56037,42673,6298,0.14758746748529517,16445,0.3853724837719401
56039,23497,4635,0.19725922458186151,18884,0.8036770651572541
56041,20215,3212,0.15889191194657432,8355,0.41330695028444225