FIPS,State,County Name,Urban Rural Code,Urban Rural Description,Population Estimate 2020,Total Vaccines,Percent Vaccinated,Case Count,Percent of Population Cases,Total deaths,COVID-19 Deaths,Percent Deaths by Covid,Covid Death Percent Above Median
6113,CA,Yolo County,2,Large fringe metro,219728,132599,60.34688342,19001,8.647509648,2259,203,8.986277114,0
8041,CO,El Paso County,3,Medium metro,728310,390344,53.59585891,83725,11.49579163,10910,1234,11.31072411,0
17029,IL,Coles County,5,Micropolitan,50383,19345,38.3958875,7265,14.41954628,1133,140,12.35657546,1
13059,GA,Clarke County,4,Small metro,127795,29461,23.05332759,13717,10.73359678,3421,550,16.07717042,1
12086,FL,Miami-Dade County,1,Large central metro,2707303,2027846,74.90280918,491834,18.16693588,47108,7994,16.96951685,1
25003,MA,Berkshire County,4,Small metro,124571,62885,50.48125166,7994,6.417223912,2953,251,8.499830681,0
37083,NC,Halifax County,5,Micropolitan,49479,23055,46.59552537,7008,14.16358455,974,117,12.01232033,0
17019,IL,Champaign County,4,Small metro,209192,112964,54.00015297,25596,12.23564955,3706,394,10.63140853,0
40143,OK,Tulsa County,3,Medium metro,657589,350514,53.30289892,96995,14.75009466,17694,2840,16.05063863,1
37157,NC,Rockingham County,3,Medium metro,91285,39965,43.78046777,10331,11.31730295,1978,142,7.178968655,0
37151,NC,Randolph County,3,Medium metro,144557,55242,38.21468348,19013,13.15259725,2317,174,7.509710833,0
1045,AL,Dale County,5,Micropolitan,48959,22918,46.81059662,7571,15.46395964,850,105,12.35294118,1
17119,IL,Madison County,2,Large fringe metro,262635,128974,49.10769699,37943,14.44704628,5196,524,10.08468052,0
53073,WA,Whatcom County,4,Small metro,231016,147100,63.67524327,13691,5.926429338,3495,164,4.69241774,0
13009,GA,Baldwin County,5,Micropolitan,45099,6273,13.90939932,4151,9.204195215,957,157,16.40543365,1
12017,FL,Citrus County,4,Small metro,153010,77386,50.57577936,10571,6.908698778,5646,665,11.77825009,0
39093,OH,Lorain County,2,Large fringe metro,312172,173697,55.64144126,29940,9.590866574,5558,585,10.52536884,0
29021,MO,Buchanan County,4,Small metro,86530,29578,34.1823645,1193,1.378712585,2301,302,13.12472838,1
31055,NE,Douglas County,3,Medium metro,574332,328910,57.26826992,54560,9.499731862,10551,1194,11.31646289,0
17099,IL,La Salle County,5,Micropolitan,107571,50214,46.67986725,14433,13.41718493,2011,219,10.89010443,0
39029,OH,Columbiana County,5,Micropolitan,101118,44590,44.09699559,10888,10.76761803,2116,229,10.82230624,0
34015,NJ,Gloucester County,2,Large fringe metro,293245,158817,54.15846818,35620,12.14683967,5250,643,12.24761905,1
32510,NV,Carson City,4,Small metro,56034,32157,57.38837135,1020,1.820323375,2139,243,11.36044881,0
36113,NY,Warren County,4,Small metro,63756,44674,70.0702679,4909,7.699667482,1813,131,7.22559294,0
13121,GA,Fulton County,1,Large central metro,1077402,309655,28.74089708,101890,9.457008619,18440,2128,11.54013015,0
12085,FL,Martin County,3,Medium metro,162088,92756,57.22570456,12809,7.902497409,4246,580,13.65991521,1
21067,KY,Fayette County,3,Medium metro,324735,208435,64.18618258,36498,11.23931821,9723,921,9.472385066,0
18105,IN,Monroe County,4,Small metro,148219,80601,54.37966792,12423,8.38151654,2632,319,12.12006079,1
39165,OH,Warren County,2,Large fringe metro,238412,132611,55.62261967,28790,12.07573444,3594,308,8.56983862,0
24043,MD,Washington County,3,Medium metro,151146,78117,51.6831408,16398,10.84911278,3518,417,11.85332575,0
51199,VA,York County,2,Large fringe metro,69199,35390,51.14235755,4454,6.436509198,1035,101,9.758454106,0
49049,UT,Utah County,3,Medium metro,651059,289325,44.43913685,108102,16.60402513,5717,592,10.35508134,0
37057,NC,Davidson County,3,Medium metro,169234,69830,41.26239408,22913,13.53924152,2711,232,8.557727776,0
28151,MS,Washington County,5,Micropolitan,42837,19046,44.4615636,1482,3.459626024,1391,211,15.16894321,1
1097,AL,Mobile County,3,Medium metro,412716,176826,42.84447417,66209,16.04226635,10800,1486,13.75925926,1
37027,NC,Caldwell County,3,Medium metro,82100,34460,41.97320341,11812,14.38733252,1566,182,11.62196679,0
39109,OH,Miami County,3,Medium metro,107516,45215,42.05420589,12970,12.06332081,2022,219,10.83086053,0
45063,SC,Lexington County,3,Medium metro,303946,144169,47.43243866,50024,16.45818665,5789,660,11.4009328,0
18057,IN,Hamilton County,2,Large fringe metro,344238,217360,63.14236081,45053,13.08774743,3954,446,11.27971674,0
47165,TN,Sumner County,2,Large fringe metro,195561,80307,41.06493626,31919,16.3217615,3360,489,14.55357143,1
42129,PA,Westmoreland County,2,Large fringe metro,347087,186594,53.7600083,38178,10.99954766,7111,639,8.986077907,0
37159,NC,Rowan County,2,Large fringe metro,142495,54821,38.4722271,23916,16.7837468,2861,383,13.38692765,1
34035,NJ,Somerset County,2,Large fringe metro,329331,218586,66.37273746,34545,10.48944679,4324,661,15.28677151,1
13185,GA,Lowndes County,4,Small metro,118268,30940,26.16092265,14182,11.99140934,2478,442,17.83696529,1
6095,CA,Solano County,3,Medium metro,446935,254258,56.88925683,43852,9.811717588,6727,532,7.90842872,0
45013,SC,Beaufort County,4,Small metro,195656,112579,57.53925257,25321,12.94159136,3144,252,8.015267176,0
20177,KS,Shawnee County,4,Small metro,175999,95751,54.40428639,23393,13.29155279,4575,595,13.00546448,1
13285,GA,Troup County,5,Micropolitan,70214,14522,20.68248497,7963,11.3410431,1751,326,18.61793261,1
21019,KY,Boyd County,3,Medium metro,46516,18625,40.03998624,5040,10.83498151,2331,306,13.12741313,1
5051,AR,Garland County,4,Small metro,99789,40223,40.30804999,12260,12.2859233,3712,553,14.89762931,1
6025,CA,Imperial County,4,Small metro,180267,124740,69.19735725,34058,18.89308637,2509,610,24.31247509,1
55133,WI,Waukesha County,2,Large fringe metro,406172,252653,62.20345075,49432,12.1702136,6970,744,10.67431851,0
18019,IN,Clark County,2,Large fringe metro,119266,64872,54.39270203,16890,14.16162192,2085,209,10.02398082,0
55073,WI,Marathon County,4,Small metro,135593,72624,53.56028704,16816,12.40182015,3069,364,11.86054089,0
55089,WI,Ozaukee County,2,Large fringe metro,90043,57298,63.63404151,9693,10.76485679,2105,225,10.6888361,0
51800,VA,Suffolk city,2,Large fringe metro,93913,41565,44.25904827,9301,9.903847178,1918,308,16.05839416,1
53011,WA,Clark County,2,Large fringe metro,496865,278319,56.01501414,35182,7.080796595,7760,489,6.301546392,0
25009,MA,Essex County,2,Large fringe metro,791263,509502,64.39097999,110890,14.01430371,13510,1724,12.76091784,1
31111,NE,Lincoln County,5,Micropolitan,34347,9600,27.9500393,3136,9.130346173,858,110,12.82051282,1
47155,TN,Sevier County,5,Micropolitan,99244,43262,43.59155213,17991,18.12804804,1949,218,11.18522319,0
41051,OR,Multnomah County,1,Large central metro,815637,574427,70.42679525,49889,6.116569013,13822,1089,7.878744031,0
17183,IL,Vermilion County,4,Small metro,74855,25198,33.662414,13178,17.60470242,1585,131,8.264984227,0
37051,NC,Cumberland County,3,Medium metro,336364,186409,55.41883198,40275,11.9736357,5294,576,10.88024178,0
42121,PA,Venango County,5,Micropolitan,50328,20085,39.90820219,4708,9.354633604,1096,101,9.215328467,0
6057,CA,Nevada County,5,Micropolitan,99606,55940,56.16127543,8340,8.372989579,1892,111,5.866807611,0
17161,IL,Rock Island County,3,Medium metro,140907,67972,48.23890935,17779,12.61754207,3010,339,11.26245847,0
24045,MD,Wicomico County,3,Medium metro,103990,51311,49.34224445,9407,9.046062121,2870,353,12.29965157,1
13051,GA,Chatham County,3,Medium metro,289463,126244,43.61317336,26910,9.296524944,7445,981,13.17662861,1
55025,WI,Dane County,3,Medium metro,552536,401744,72.70910855,49750,9.003938205,8630,629,7.288528389,0
21021,KY,Boyle County,5,Micropolitan,30367,16622,54.73705009,3131,10.31053446,1127,243,21.56166815,1
6059,CA,Orange County,1,Large central metro,3166857,1985524,62.69698948,306694,9.684491595,44802,6449,14.39444668,1
39023,OH,Clark County,4,Small metro,133593,61950,46.37219016,16890,12.642878,3200,318,9.9375,0
42073,PA,Lawrence County,5,Micropolitan,85083,42208,49.60802981,8943,10.51091287,1993,200,10.03512293,0
19057,IA,Des Moines County,5,Micropolitan,38708,17897,46.23592022,5899,15.23974372,989,109,11.02123357,0
2020,AK,Anchorage Municipality,3,Medium metro,287095,160035,55.74287257,40100,13.96750205,4133,366,8.855552867,0
55135,WI,Waupaca County,6,Noncore,50664,24700,48.75256592,5736,11.32164851,1119,131,11.70688114,0
45091,SC,York County,2,Large fringe metro,289105,116572,40.32168243,42835,14.81641618,4245,410,9.658421673,0
6099,CA,Stanislaus County,3,Medium metro,550081,270208,49.12149302,78996,14.36079414,11023,1788,16.22062959,1
4017,AZ,Navajo County,5,Micropolitan,112112,68214,60.84451263,19224,17.14713858,2056,222,10.79766537,0
37193,NC,Wilkes County,5,Micropolitan,68043,28222,41.47671325,9430,13.85888335,1226,141,11.50081566,0
37089,NC,Henderson County,3,Medium metro,118445,59942,50.60745494,13462,11.36561273,2620,257,9.809160305,0
1095,AL,Marshall County,5,Micropolitan,96990,38443,39.63604495,15786,16.27590473,2413,293,12.14256113,1
45055,SC,Kershaw County,3,Medium metro,67472,33878,50.21045767,10842,16.06888783,1246,126,10.11235955,0
17037,IL,DeKalb County,2,Large fringe metro,104491,46558,44.55694749,11675,11.17321109,1489,138,9.267965077,0
1047,AL,Dallas County,5,Micropolitan,36098,14114,39.09911906,4124,11.42445565,958,148,15.44885177,1
1073,AL,Jefferson County,1,Large central metro,655342,332702,50.76769076,102455,15.63382173,20480,2834,13.83789062,1
56025,WY,Natrona County,4,Small metro,80815,30451,37.67988616,11269,13.94419353,1886,250,13.25556734,1
20051,KS,Ellis County,5,Micropolitan,28671,12683,44.23633637,4143,14.45014126,717,144,20.08368201,1
13299,GA,Ware County,5,Micropolitan,35826,8235,22.98609948,5653,15.77904315,1272,260,20.44025157,1
12019,FL,Clay County,2,Large fringe metro,221770,95609,43.11178248,17824,8.037155612,4848,713,14.70709571,1
34009,NJ,Cape May County,4,Small metro,91546,60732,66.34041902,12199,13.32554126,2171,176,8.106863197,0
19155,IA,Pottawattamie County,3,Medium metro,93328,47266,50.64503686,13020,13.95079719,1869,214,11.44997325,0
13255,GA,Spalding County,2,Large fringe metro,67414,10509,15.58875011,7497,11.12083543,2389,343,14.35747175,1
26091,MI,Lenawee County,5,Micropolitan,97808,47316,48.37641093,10295,10.52572387,1721,123,7.147007554,0
18037,IN,Dubois County,5,Micropolitan,42542,22205,52.19547741,7544,17.7330638,987,122,12.36068896,1
42011,PA,Berks County,3,Medium metro,421017,231839,55.0664225,52456,12.45935437,7711,1029,13.34457269,1
47059,TN,Greene County,5,Micropolitan,69571,28773,41.35774964,11663,16.76416898,1629,140,8.594229589,0
5045,AR,Faulkner County,3,Medium metro,126919,54438,42.8919232,13276,10.46021478,2223,313,14.08007197,1
40041,OK,Delaware County,6,Noncore,43136,13956,32.35348665,6680,15.48590504,923,117,12.67605634,1
39045,OH,Fairfield County,2,Large fringe metro,159709,79366,49.6941312,19397,12.14521411,2671,252,9.434668663,0
47119,TN,Maury County,2,Large fringe metro,99590,54502,54.72637815,17898,17.9716839,2557,395,15.44779038,1
33013,NH,Merrimack County,5,Micropolitan,152622,95011,62.25249309,8603,5.636802034,2923,136,4.65275402,0
29047,MO,Clay County,2,Large fringe metro,253463,117498,46.35706198,1003,0.395718507,4774,662,13.86677838,1
16027,ID,Canyon County,3,Medium metro,237053,82608,34.84790321,34349,14.49000856,3087,403,13.05474571,1
36001,NY,Albany County,3,Medium metro,303654,203094,66.88336067,29031,9.560552471,7785,761,9.775208735,0
39063,OH,Hancock County,5,Micropolitan,75407,34599,45.88300821,7916,10.49769915,1813,239,13.18257033,1
12113,FL,Santa Rosa County,3,Medium metro,189139,81775,43.2353983,13946,7.373413204,2381,254,10.66778664,0
26121,MI,Muskegon County,4,Small metro,173883,86117,49.52583059,11554,6.644697872,3734,408,10.92662025,0
18167,IN,Vigo County,4,Small metro,106608,48632,45.61758967,15300,14.3516434,2977,398,13.36916359,1
42069,PA,Lackawanna County,3,Medium metro,208989,138349,66.19917795,20114,9.624429994,5778,586,10.14191762,0
12073,FL,Leon County,3,Medium metro,295460,149364,50.55303594,22907,7.752995329,6430,963,14.97667185,1
12081,FL,Manatee County,3,Medium metro,411219,221872,53.9547054,32341,7.864665786,9162,1076,11.74416066,0
39057,OH,Greene County,3,Medium metro,170122,97306,57.19777571,19282,11.33421897,2502,317,12.66986411,1
12095,FL,Orange County,1,Large central metro,1404396,847089,60.31696188,106768,7.602414134,21474,2616,12.18217379,1
45041,SC,Florence County,4,Small metro,137588,66553,48.37122423,24602,17.88091985,6022,986,16.37329791,1
39081,OH,Jefferson County,4,Small metro,64939,29109,44.8251436,6898,10.62227629,1699,172,10.12360212,0
51700,VA,Newport News city,2,Large fringe metro,179062,85086,47.5176196,17107,9.553674146,4038,387,9.583952452,0
46013,SD,Brown County,5,Micropolitan,38738,18819,48.58020548,5620,14.50771852,772,120,15.54404145,1
47009,TN,Blount County,3,Medium metro,134751,61840,45.89205275,21240,15.76240622,2895,259,8.946459413,0
42075,PA,Lebanon County,4,Small metro,141663,70980,50.10482624,17901,12.63632706,2840,268,9.436619718,0
37195,NC,Wilson County,5,Micropolitan,81979,37188,45.36283682,12049,14.69766648,1567,201,12.82705807,1
18011,IN,Boone County,2,Large fringe metro,69347,43045,62.07189929,10619,15.31284699,932,111,11.90987124,0
26057,MI,Gratiot County,5,Micropolitan,40283,16900,41.95318124,3244,8.053024849,896,114,12.72321429,1
45051,SC,Horry County,3,Medium metro,365449,179167,49.02653995,56606,15.48943902,8615,919,10.66744051,0
12061,FL,Indian River County,4,Small metro,162518,96731,59.52017623,11396,7.012146347,4491,444,9.886439546,0
37181,NC,Vance County,5,Micropolitan,44718,21824,48.80361376,5949,13.30336777,920,124,13.47826087,1
6053,CA,Monterey County,3,Medium metro,430906,258407,59.96829935,49288,11.43822551,5342,605,11.32534631,0
42095,PA,Northampton County,3,Medium metro,305892,181663,59.38795392,40384,13.20204517,5265,591,11.22507123,0
6067,CA,Sacramento County,1,Large central metro,1559146,894417,57.36582719,148040,9.494941462,24768,2243,9.056040052,0
26077,MI,Kalamazoo County,3,Medium metro,265988,147164,55.327308,22890,8.605651383,5977,647,10.82482851,0
37165,NC,Scotland County,5,Micropolitan,34637,14215,41.0399284,5107,14.74434853,1018,194,19.05697446,1
36037,NY,Genesee County,5,Micropolitan,56994,30699,53.86356459,5890,10.33442117,1097,146,13.30902461,1
37155,NC,Robeson County,5,Micropolitan,129999,46828,36.02181555,23123,17.7870599,2378,270,11.35407906,0
19113,IA,Linn County,3,Medium metro,227854,134793,59.15761847,26075,11.44373151,3977,464,11.66708574,0
51630,VA,Fredericksburg city,2,Large fringe metro,29492,10982,37.23721687,2411,8.175098332,1741,187,10.74095348,0
4003,AZ,Cochise County,4,Small metro,127450,67719,53.13377795,13707,10.75480581,2113,148,7.004259347,0
51710,VA,Norfolk city,1,Large central metro,242803,114731,47.25271105,21134,8.704175813,5697,522,9.16271722,0
42101,PA,Philadelphia County,1,Large central metro,1578487,882830,55.92887366,170109,10.77671213,31467,3748,11.91089077,0
27163,MN,Washington County,2,Large fringe metro,265476,156124,58.80908255,30519,11.49595444,2875,240,8.347826087,0
47145,TN,Roane County,3,Medium metro,53841,21128,39.24147026,8885,16.50229379,1282,125,9.750390016,0
31157,NE,Scotts Bluff County,5,Micropolitan,35299,12715,36.02085045,3499,9.912462109,887,131,14.76888388,1
51083,VA,Halifax County,6,Noncore,33633,13596,40.424583,3007,8.940623792,920,121,13.15217391,1
39157,OH,Tuscarawas County,5,Micropolitan,91776,36446,39.71190725,10139,11.04755056,2126,296,13.92285983,1
6061,CA,Placer County,2,Large fringe metro,402950,233731,58.00496339,36092,8.956942549,7722,660,8.547008547,0
36065,NY,Oneida County,3,Medium metro,227346,126069,55.45248212,25436,11.18823291,5390,681,12.63450835,1
13223,GA,Paulding County,2,Large fringe metro,173359,33229,19.16773862,18249,10.52671047,1535,191,12.44299674,1
12093,FL,Okeechobee County,5,Micropolitan,42297,17590,41.58687377,3881,9.17559165,876,106,12.10045662,1
12127,FL,Volusia County,3,Medium metro,561497,297343,52.95540315,34174,6.086230202,15520,1527,9.838917526,0
6065,CA,Riverside County,1,Large central metro,2489188,1239374,49.79029306,356093,14.30558881,37638,5913,15.71018651,1
29095,MO,Jackson County,1,Large central metro,705925,342444,48.50996919,10574,1.497892836,15842,1635,10.32066658,0
28047,MS,Harrison County,3,Medium metro,208801,97732,46.80628924,2991,1.432464404,5078,628,12.36707365,1
25013,MA,Hampden County,3,Medium metro,463986,266752,57.49138983,61764,13.31160854,10355,1321,12.75712216,1
4019,AZ,Pima County,3,Medium metro,1061175,616936,58.13706505,131559,12.39748392,23801,3042,12.78097559,1
24027,MD,Howard County,2,Large fringe metro,328200,242164,73.78549665,17413,5.305606338,3342,225,6.732495512,0
4021,AZ,Pinal County,2,Large fringe metro,480828,211313,43.94773183,66146,13.75668638,5181,424,8.183748311,0
47001,TN,Anderson County,3,Medium metro,77558,37800,48.73771887,11363,14.65097089,2309,237,10.26418363,0
39143,OH,Sandusky County,5,Micropolitan,58351,27806,47.65299652,6484,11.1120632,1114,114,10.23339318,0
42027,PA,Centre County,4,Small metro,161496,88309,54.68184971,18392,11.38851736,2119,249,11.75082586,0
21073,KY,Franklin County,5,Micropolitan,51118,36044,70.51136586,4050,7.922845182,1152,125,10.85069444,0
49057,UT,Weber County,3,Medium metro,262658,128890,49.07141606,35565,13.54042138,3954,356,9.003540718,0
6037,CA,Los Angeles County,1,Large central metro,9943046,6131044,61.66162763,1429615,14.37803868,146639,24768,16.89045888,1
40071,OK,Kay County,5,Micropolitan,43274,16170,37.36654804,6503,15.02749919,959,130,13.55578728,1
13217,GA,Newton County,2,Large fringe metro,113295,19475,17.18963767,12480,11.01549053,1555,215,13.82636656,1
10001,DE,Kent County,4,Small metro,183643,85899,46.77499278,18886,10.28408379,3710,378,10.18867925,0
31079,NE,Hall County,4,Small metro,61028,25431,41.67103625,4223,6.91977453,1116,151,13.53046595,1
13293,GA,Upson County,5,Micropolitan,26527,9468,35.69193652,1841,6.940098767,1125,241,21.42222222,1
18067,IN,Howard County,4,Small metro,82732,35453,42.85282599,13488,16.30324421,2234,303,13.56311549,1
51191,VA,Washington County,3,Medium metro,53695,27882,51.92662259,6004,11.18167427,1392,162,11.63793103,0
35015,NM,Eddy County,5,Micropolitan,58418,20576,35.22202061,9653,16.52401657,917,112,12.21374046,1
9007,CT,Middlesex County,2,Large fringe metro,161657,122741,75.92680799,13241,8.190799037,2684,393,14.64232489,1
36071,NY,Orange County,2,Large fringe metro,385234,223258,57.953867,57400,14.90003478,5791,956,16.50837506,1
40017,OK,Canadian County,2,Large fringe metro,153192,74653,48.73165701,20871,13.62407959,1416,151,10.66384181,0
19153,IA,Polk County,3,Medium metro,494281,290082,58.68766956,67884,13.73388821,9682,1138,11.75376988,0
4025,AZ,Yavapai County,4,Small metro,240226,94551,39.35918677,24888,10.3602441,6193,545,8.800258356,0
21151,KY,Madison County,5,Micropolitan,94265,42733,45.33283828,9289,9.85413462,1629,140,8.594229589,0
6017,CA,El Dorado County,2,Large fringe metro,192925,107434,55.68692497,15809,8.194376053,2674,143,5.347793568,0
17031,IL,Cook County,1,Large central metro,5108284,2913284,57.03058013,612974,11.99960691,87249,11250,12.89413059,1
12057,FL,Hillsborough County,1,Large central metro,1497957,791423,52.83349255,117307,7.831132669,25733,2978,11.57268877,0
45045,SC,Greenville County,3,Medium metro,532486,252543,47.4271624,94179,17.68666218,11135,1515,13.60574764,1
27123,MN,Ramsey County,1,Large central metro,547903,337923,61.67569807,58337,10.64732261,10492,1347,12.83835303,1
42087,PA,Mifflin County,5,Micropolitan,46064,22185,48.16125391,5844,12.68669677,1163,215,18.4866724,1
53021,WA,Franklin County,3,Medium metro,97075,41983,43.24800412,17930,18.47025496,641,120,18.72074883,1
37133,NC,Onslow County,4,Small metro,203943,100619,49.3368245,25067,12.2911794,1767,183,10.3565365,0
17195,IL,Whiteside County,5,Micropolitan,54656,26104,47.76053864,7854,14.36987705,1281,195,15.22248244,1
6081,CA,San Mateo County,2,Large fringe metro,758308,556016,73.32324069,51906,6.84497592,8841,652,7.374731365,0
18059,IN,Hancock County,2,Large fringe metro,79553,47958,60.28433874,11591,14.57016077,1237,138,11.15602264,0
40101,OK,Muskogee County,5,Micropolitan,67610,30081,44.49193906,12134,17.94704925,1995,299,14.98746867,1
18095,IN,Madison County,2,Large fringe metro,129681,61443,47.38010965,16672,12.85616243,2862,369,12.89308176,1
37139,NC,Pasquotank County,5,Micropolitan,40372,18039,44.68195779,4280,10.60140692,981,151,15.39245668,1
17137,IL,Morgan County,5,Micropolitan,33400,15140,45.32934132,4875,14.59580838,732,106,14.48087432,1
9013,CT,Tolland County,2,Large fringe metro,150600,91293,60.61952191,9447,6.272908367,1344,102,7.589285714,0
33015,NH,Rockingham County,2,Large fringe metro,311307,184357,59.22031949,21475,6.898335084,4325,243,5.61849711,0
36091,NY,Saratoga County,3,Medium metro,230298,162648,70.62501628,14908,6.473351918,2871,181,6.304423546,0
12005,FL,Bay County,4,Small metro,171322,77951,45.49970231,13737,8.018234669,4389,693,15.78947368,1
39103,OH,Medina County,2,Large fringe metro,180912,102545,56.68225436,18923,10.45978155,2464,206,8.36038961,0
39035,OH,Cuyahoga County,1,Large central metro,1227883,704291,57.3581522,129632,10.55735766,32375,3396,10.48957529,0
6071,CA,San Bernardino County,2,Large fringe metro,2189183,1059142,48.38069727,345933,15.80192245,34964,6251,17.8783892,1
13021,GA,Bibb County,4,Small metro,152737,36188,23.69301479,16957,11.10209052,5865,918,15.65217391,1
44003,RI,Kent County,2,Large fringe metro,164646,115384,70.08005053,19586,11.89582498,2998,345,11.50767178,0
12015,FL,Charlotte County,4,Small metro,194711,111723,57.3788846,10270,5.274483722,5891,572,9.709726702,0
26025,MI,Calhoun County,4,Small metro,133580,62369,46.69037281,13429,10.05315167,3042,244,8.02103879,0
36083,NY,Rensselaer County,3,Medium metro,158108,99833,63.14228249,13843,8.755407696,2795,164,5.867620751,0
28035,MS,Forrest County,4,Small metro,75009,27438,36.57961045,1034,1.378501247,3162,624,19.73434535,1
5007,AR,Benton County,3,Medium metro,288774,127260,44.06906439,27985,9.690969409,3930,663,16.87022901,1
17097,IL,Lake County,2,Large fringe metro,693593,417384,60.17707791,77184,11.12813999,10291,939,9.124477699,0
18157,IN,Tippecanoe County,4,Small metro,196115,102668,52.35091655,25403,12.95311424,3094,400,12.92824822,1
53035,WA,Kitsap County,3,Medium metro,272787,156433,57.34620785,13716,5.028098846,3884,166,4.273944387,0
18035,IN,Delaware County,4,Small metro,113454,50088,44.14828917,13366,11.78098613,3026,337,11.13681428,0
5131,AR,Sebastian County,3,Medium metro,127590,55350,43.38114272,15113,11.84497218,4606,708,15.37125488,1
47189,TN,Wilson County,2,Large fringe metro,148130,66993,45.22581516,24983,16.86559103,2018,221,10.95143707,0
37019,NC,Brunswick County,3,Medium metro,149039,78955,52.97606667,14202,9.529049443,2226,133,5.974842767,0
39053,OH,Gallia County,5,Micropolitan,29802,11934,40.04429233,3160,10.60331521,826,115,13.92251816,1
17001,IL,Adams County,5,Micropolitan,64783,29478,45.50267817,12533,19.34612475,1957,273,13.94992335,1
47093,TN,Knox County,3,Medium metro,475609,249981,52.56019125,70314,14.78399273,13746,1494,10.86861632,0
18029,IN,Dearborn County,2,Large fringe metro,49824,26937,54.06430636,7225,14.50104367,820,102,12.43902439,1
12055,FL,Highlands County,4,Small metro,106639,48767,45.73092396,7416,6.954303773,3782,533,14.09307245,1
8059,CO,Jefferson County,2,Large fringe metro,583283,402231,68.95983596,55289,9.478932182,9493,920,9.691351522,0
13153,GA,Houston County,4,Small metro,160110,55097,34.41196677,16123,10.06995191,2743,358,13.05140357,1
51153,VA,Prince William County,2,Large fringe metro,475533,295086,62.0537376,48977,10.29939037,3478,338,9.718228867,0
53015,WA,Cowlitz County,4,Small metro,111371,57892,51.98121594,11027,9.901141231,2425,133,5.484536082,0
26049,MI,Genesee County,3,Medium metro,404794,184207,45.50635632,35314,8.723943537,9635,963,9.994810586,0
26115,MI,Monroe County,4,Small metro,150568,76560,50.84745763,13904,9.234365868,2321,148,6.376561827,0
36059,NY,Nassau County,2,Large fringe metro,1351334,958506,70.93035475,228311,16.89523093,25592,5076,19.83432323,1
35005,NM,Chaves County,5,Micropolitan,64711,22755,35.16403703,11540,17.83313502,1285,179,13.92996109,1
39077,OH,Huron County,5,Micropolitan,57979,24759,42.70339261,6930,11.95260353,1043,106,10.16299137,0
6041,CA,Marin County,2,Large fringe metro,257332,201023,78.11815087,16940,6.582935663,3820,220,5.759162304,0
1001,AL,Autauga County,3,Medium metro,56145,19578,34.87042479,9287,16.54109894,956,122,12.76150628,1
47043,TN,Dickson County,2,Large fringe metro,54376,22737,41.81440341,9499,17.46910402,1282,244,19.03276131,1
41033,OR,Josephine County,4,Small metro,88053,40440,45.92688494,8266,9.387527966,2359,198,8.393387028,0
24025,MD,Harford County,2,Large fringe metro,256805,160162,62.36716575,19436,7.568388466,4067,307,7.548561593,0
24037,MD,St. Mary's County,4,Small metro,114687,66711,58.16788302,8646,7.538779461,1608,166,10.32338308,0
37129,NC,New Hanover County,3,Medium metro,236613,129198,54.60308605,26381,11.14942966,5486,497,9.059423988,0
39005,OH,Ashland County,5,Micropolitan,53362,20233,37.91649488,5471,10.25261422,988,112,11.33603239,0
1071,AL,Jackson County,5,Micropolitan,51582,21988,42.62727308,8354,16.1955721,1233,116,9.407948094,0
1123,AL,Tallapoosa County,6,Noncore,40133,13970,34.80925921,5938,14.79580395,1066,140,13.13320826,1
1121,AL,Talladega County,5,Micropolitan,79985,25913,32.3973245,10738,13.42501719,1763,204,11.57118548,0
20037,KS,Crawford County,5,Micropolitan,38730,16470,42.52517428,6373,16.45494449,924,121,13.0952381,1
39075,OH,Holmes County,6,Noncore,44004,7191,16.34169621,3071,6.978911008,667,123,18.44077961,1
38017,ND,Cass County,4,Small metro,183904,92904,50.51766139,5075,2.759591961,4171,623,14.93646608,1
36005,NY,Bronx County,1,Large central metro,1401142,844892,60.3002408,201898,14.40953165,26736,5896,22.05266308,1
36093,NY,Schenectady County,3,Medium metro,155358,99581,64.0977613,15655,10.07672601,3094,218,7.045895281,0
36015,NY,Chemung County,4,Small metro,82622,43859,53.08392438,9191,11.12415579,1862,207,11.11707841,0
4027,AZ,Yuma County,4,Small metro,217824,123253,56.58375569,40162,18.43782136,3964,787,19.85368315,1
20091,KS,Johnson County,2,Large fringe metro,607220,391710,64.50874477,72476,11.93570699,8697,974,11.19926411,0
26017,MI,Bay County,4,Small metro,102387,53734,52.48127204,9883,9.652592614,2924,369,12.61969904,1
21009,KY,Barren County,5,Micropolitan,44300,18241,41.17607223,5221,11.78555305,1186,196,16.52613828,1
13077,GA,Coweta County,2,Large fringe metro,150849,40484,26.83743346,14638,9.703743479,2287,321,14.03585483,1
10005,DE,Sussex County,3,Medium metro,241635,138792,57.43869886,28356,11.73505494,5023,585,11.64642644,0
39061,OH,Hamilton County,1,Large central metro,817985,451654,55.21543794,92456,11.30289675,20163,2121,10.51926797,0
42085,PA,Mercer County,3,Medium metro,108545,55425,51.06177162,11059,10.18840112,2632,263,9.992401216,0
36055,NY,Monroe County,1,Large central metro,740900,477144,64.40059387,77400,10.44675395,16097,1712,10.63552215,0
21047,KY,Christian County,3,Medium metro,71478,21249,29.7280282,2807,3.927082459,1064,116,10.90225564,0
25005,MA,Bristol County,2,Large fringe metro,566765,322444,56.89200992,78343,13.82283663,9895,1276,12.89540172,1
36063,NY,Niagara County,2,Large fringe metro,208396,124277,59.63502179,21100,10.12495441,4132,337,8.155856728,0
36111,NY,Ulster County,4,Small metro,177716,114494,64.42526278,17661,9.937765874,2628,201,7.648401826,0
53053,WA,Pierce County,2,Large fringe metro,913890,502888,55.02719146,78171,8.553655254,14377,926,6.440843013,0
12011,FL,Broward County,2,Large fringe metro,1958105,1225967,62.60987026,243909,12.45638002,32724,4643,14.18836328,1
45031,SC,Darlington County,4,Small metro,66509,28600,43.00169902,10871,16.34515629,1263,202,15.99366587,1
34033,NJ,Salem County,2,Large fringe metro,62451,29750,47.63734768,7222,11.56426638,1246,125,10.03210273,0
9009,CT,New Haven County,3,Medium metro,851948,587907,69.00738073,94353,11.07497171,16920,2309,13.6465721,1
37067,NC,Forsyth County,3,Medium metro,383843,205892,53.63963912,46397,12.08749411,9760,1095,11.2192623,0
33001,NH,Belknap County,5,Micropolitan,61551,34427,55.93247876,3809,6.188364121,1226,116,9.461663948,0
12117,FL,Seminole County,2,Large fringe metro,474171,260508,54.93967366,30620,6.457585976,6952,656,9.436133487,0
53061,WA,Snohomish County,2,Large fringe metro,830393,502607,60.52640135,55456,6.678283656,10354,591,5.707938961,0
39099,OH,Mahoning County,3,Medium metro,226075,115910,51.27059604,25550,11.30155922,7196,859,11.93718733,0
18097,IN,Marion County,1,Large central metro,966183,479618,49.64049254,119377,12.35552685,21978,2762,12.56711257,1
26125,MI,Oakland County,2,Large fringe metro,1253459,764592,60.99856477,55840,4.454872477,25425,3272,12.86922321,1
18003,IN,Allen County,3,Medium metro,382187,180378,47.1962678,52555,13.75112183,9270,1231,13.2793959,1
37087,NC,Haywood County,3,Medium metro,62972,31827,50.54151051,6299,10.00285841,1176,116,9.863945578,0
42007,PA,Beaver County,2,Large fringe metro,162575,79408,48.84391819,18144,11.16038751,3632,392,10.79295154,0
12109,FL,St. Johns County,2,Large fringe metro,278715,165991,59.55581867,19034,6.829198285,3465,231,6.666666667,0
28095,MS,Monroe County,6,Noncore,35123,16062,45.73071776,4,0.011388549,753,127,16.86586985,1
12107,FL,Putnam County,5,Micropolitan,74815,26762,35.77090156,6954,9.294927488,1846,240,13.00108342,1
29189,MO,St. Louis County,2,Large fringe metro,994020,551474,55.47916541,14626,1.471398966,25184,3067,12.17836722,1
39113,OH,Montgomery County,3,Medium metro,531610,263601,49.58541036,64110,12.05959256,15635,1959,12.52958107,1
37063,NC,Durham County,3,Medium metro,327306,197004,60.1895474,31722,9.691847995,6106,534,8.745496233,0
25015,MA,Hampshire County,3,Medium metro,161401,94448,58.51760522,11329,7.01916345,2191,200,9.12825194,0
39013,OH,Belmont County,4,Small metro,65932,27737,42.0691015,7615,11.54977856,1114,103,9.245960503,0
21107,KY,Hopkins County,5,Micropolitan,44662,21181,47.42510412,4543,10.17195826,1361,218,16.01763409,1
17115,IL,Macon County,4,Small metro,103015,44718,43.40921225,14339,13.91933214,2505,278,11.09780439,0
40027,OK,Cleveland County,2,Large fringe metro,287066,133294,46.43322442,38649,13.4634544,4087,557,13.62857842,1
39049,OH,Franklin County,1,Large central metro,1324624,739967,55.86241832,146049,11.02569484,27232,2929,10.75572855,0
37127,NC,Nash County,4,Small metro,94859,47802,50.39268809,13755,14.50046912,1798,231,12.84760845,1
27109,MN,Olmsted County,4,Small metro,159298,104878,65.83761252,15697,9.853858806,3923,277,7.060922763,0
1103,AL,Morgan County,4,Small metro,119883,45937,38.31819357,17449,14.55502448,2669,316,11.83964031,0
13175,GA,Laurens County,5,Micropolitan,47512,11443,24.08444183,7242,15.24246506,1659,278,16.75708258,1
19103,IA,Johnson County,4,Small metro,153740,97559,63.45713542,16770,10.90802654,3698,401,10.8436993,0
23001,ME,Androscoggin County,4,Small metro,108547,65915,60.7248473,8869,8.170654187,2701,132,4.88707886,0
33017,NH,Strafford County,2,Large fringe metro,131533,72725,55.29030738,9654,7.339602989,2292,108,4.712041885,0
19061,IA,Dubuque County,4,Small metro,97590,56702,58.10226458,14767,15.13167333,1889,264,13.97564849,1
23019,ME,Penobscot County,4,Small metro,151655,96143,63.39586562,7889,5.201938611,4036,236,5.847373637,0
34011,NJ,Cumberland County,4,Small metro,147008,64786,44.06971049,20455,13.91420875,3081,409,13.27491074,1
55139,WI,Winnebago County,4,Small metro,171631,93680,54.58221417,21220,12.36373382,3285,289,8.797564688,0
47131,TN,Obion County,5,Micropolitan,30131,10570,35.08015001,5970,19.81348113,732,108,14.75409836,1
51840,VA,Winchester city,4,Small metro,27700,11527,41.61371841,3216,11.6101083,2256,329,14.58333333,1
18083,IN,Knox County,5,Micropolitan,36522,16703,45.73407809,5438,14.88965555,1046,169,16.15678776,1
39101,OH,Marion County,5,Micropolitan,64820,27755,42.81857451,10004,15.43350818,1521,253,16.63379356,1
21145,KY,McCracken County,5,Micropolitan,65644,32988,50.25287917,3868,5.892389251,2796,433,15.48640916,1
34023,NJ,Middlesex County,2,Large fringe metro,822736,523989,63.68859513,102536,12.46280702,14097,2526,17.91870611,1
37023,NC,Burke County,3,Medium metro,90418,37468,41.4386516,13708,15.16069809,1749,242,13.83647799,1
39095,OH,Lucas County,3,Medium metro,428294,219061,51.14734271,48838,11.40291482,11502,1459,12.68475048,1
36007,NY,Broome County,4,Small metro,189420,109147,57.62168726,21193,11.18836448,4718,546,11.5727003,0
42081,PA,Lycoming County,4,Small metro,113209,54601,48.23026438,13315,11.76143239,2834,400,14.11432604,1
13069,GA,Coffee County,5,Micropolitan,43218,11833,27.37979546,5579,12.90897311,858,187,21.79487179,1
36089,NY,St. Lawrence County,5,Micropolitan,107185,58758,54.81923777,7881,7.352707935,1787,128,7.162842753,0
13031,GA,Bulloch County,5,Micropolitan,80839,20566,25.44069076,8938,11.05654449,1389,220,15.8387329,1
13313,GA,Whitfield County,4,Small metro,103837,22985,22.13565492,18027,17.36086366,1922,320,16.64932362,1
6111,CA,Ventura County,3,Medium metro,841387,529235,62.90030628,97126,11.54355843,11699,1231,10.52226686,0
6039,CA,Madera County,4,Small metro,157761,70429,44.64284582,21528,13.64595813,1864,257,13.78755365,1
18089,IN,Lake County,2,Large fringe metro,487536,243764,49.99917955,62273,12.77300548,11958,1437,12.01705971,0
16001,ID,Ada County,3,Medium metro,494399,247959,50.15362086,67233,13.59893527,8079,1026,12.69959153,1
39145,OH,Scioto County,5,Micropolitan,74347,32733,44.0273313,8960,12.05159589,2318,212,9.145815358,0
41067,OR,Washington County,2,Large fringe metro,603514,404117,66.96066703,34184,5.664160235,6972,432,6.196213425,0
27053,MN,Hennepin County,1,Large central metro,1268408,811442,63.97326412,140071,11.04305555,20994,2393,11.39849481,0
21093,KY,Hardin County,4,Small metro,111309,63636,57.1705792,9747,8.75670431,2304,299,12.97743056,1
37025,NC,Cabarrus County,2,Large fringe metro,221479,104269,47.07850406,29714,13.41617038,3596,495,13.76529477,1
12105,FL,Polk County,3,Medium metro,744552,361755,48.5869355,47375,6.362886675,15313,2108,13.76608111,1
51670,VA,Hopewell city,2,Large fringe metro,22375,6627,29.61787709,3109,13.89497207,777,114,14.67181467,1
10003,DE,New Castle County,2,Large fringe metro,561531,330083,58.78268519,70195,12.50064556,10512,1012,9.627092846,0
45079,SC,Richland County,3,Medium metro,419051,223128,53.24602495,64219,15.32486499,8450,1038,12.28402367,1
30013,MT,Cascade County,4,Small metro,81346,38842,47.74912104,11812,14.5206894,2253,279,12.38348868,1
39025,OH,Clermont County,2,Large fringe metro,207449,104455,50.35213474,24414,11.76867567,2398,168,7.005838198,0
37135,NC,Orange County,3,Medium metro,149077,98638,66.16580693,10593,7.105723888,2661,350,13.15295002,1
37179,NC,Union County,2,Large fringe metro,244562,114515,46.82452711,32619,13.33772213,2640,320,12.12121212,1
1043,AL,Cullman County,5,Micropolitan,84515,28920,34.21877773,12931,15.30024256,2143,304,14.18572095,1
12083,FL,Marion County,3,Medium metro,373513,187359,50.1613063,32115,8.59809431,11193,1549,13.83900652,1
49035,UT,Salt Lake County,1,Large central metro,1165517,677144,58.09816588,174200,14.94615694,15827,1461,9.231060845,0
13305,GA,Wayne County,5,Micropolitan,30023,9041,30.11357959,4240,14.12250608,757,151,19.94715984,1
39041,OH,Delaware County,2,Large fringe metro,213554,137311,64.29802298,21349,9.9970031,1776,107,6.024774775,0
18053,IN,Grant County,5,Micropolitan,65225,25129,38.52663856,8854,13.57454964,1497,166,11.08884436,0
35013,NM,Dona Ana County,4,Small metro,221262,118482,53.54828213,25294,11.43169636,4028,529,13.13306852,1
51085,VA,Hanover County,2,Large fringe metro,108262,59095,54.58517301,9733,8.990227411,2800,333,11.89285714,0
45019,SC,Charleston County,3,Medium metro,417981,236091,56.48366792,60678,14.5169278,9791,1110,11.33694209,0
25023,MA,Plymouth County,2,Large fringe metro,523738,317737,60.66716564,61997,11.83740725,8718,1002,11.4934618,0
37021,NC,Buncombe County,3,Medium metro,263477,151853,57.63425271,24307,9.225473191,6679,696,10.42072166,0
39139,OH,Richland County,4,Small metro,120891,47180,39.02689199,15091,12.48314597,2803,307,10.95255084,0
45029,SC,Colleton County,6,Noncore,37481,16098,42.94976121,5298,14.13516182,1104,160,14.49275362,1
36027,NY,Dutchess County,2,Large fringe metro,293293,181778,61.97829474,34476,11.7547981,5408,629,11.63091716,0
23005,ME,Cumberland County,3,Medium metro,298111,227280,76.24005823,18557,6.224862551,7195,343,4.767199444,0
36119,NY,Westchester County,2,Large fringe metro,965802,673180,69.70165728,157959,16.35521567,15228,3040,19.96322564,1
45007,SC,Anderson County,3,Medium metro,204353,72995,35.72005305,31929,15.62443419,5041,670,13.29101369,1
12103,FL,Pinellas County,1,Large central metro,976802,570893,58.44510965,67016,6.860755813,25745,2460,9.555253447,0
26087,MI,Lapeer County,2,Large fringe metro,87635,37655,42.96799224,8690,9.9161294,1659,188,11.33212779,0
26099,MI,Macomb County,2,Large fringe metro,870791,453168,52.04096046,19731,2.265870915,15168,1646,10.85179325,0
1083,AL,Limestone County,3,Medium metro,102228,32092,31.39257346,12784,12.50538013,1586,152,9.583858764,0
6047,CA,Merced County,3,Medium metro,279252,118144,42.30730666,38800,13.89426038,3009,372,12.36291127,1
4005,AZ,Coconino County,4,Small metro,142481,97394,68.35578077,20579,14.44332929,2352,302,12.84013605,1
37047,NC,Columbus County,6,Noncore,54754,21534,39.32863352,9335,17.04898272,1154,106,9.185441941,0
13115,GA,Floyd County,4,Small metro,98604,16986,17.22648168,12874,13.05626547,3597,639,17.764804,1
18043,IN,Floyd County,2,Large fringe metro,78936,40901,51.81539475,10031,12.70776325,2200,313,14.22727273,1
6085,CA,Santa Clara County,1,Large central metro,1907105,1446849,75.86624753,139789,7.3299058,21565,2009,9.316021331,0
13015,GA,Bartow County,2,Large fringe metro,109426,17155,15.67726135,14904,13.6201634,2087,234,11.21226641,0
12115,FL,Sarasota County,3,Medium metro,443465,276146,62.27007768,25436,5.735740137,12439,1401,11.26296326,0
13291,GA,Union County,6,Noncore,25358,3275,12.91505639,1399,5.516996609,668,102,15.26946108,1
40031,OK,Comanche County,4,Small metro,121099,62915,51.95336047,18801,15.525314,2269,306,13.48611723,1
53063,WA,Spokane County,3,Medium metro,528225,280705,53.14118037,61709,11.68233234,10874,1033,9.499724113,0
47045,TN,Dyer County,5,Micropolitan,36693,12941,35.26830731,7542,20.55432916,992,127,12.80241935,1
8035,CO,Douglas County,2,Large fringe metro,360750,225225,62.43243243,35286,9.781288981,3453,365,10.57051839,0
51041,VA,Chesterfield County,2,Large fringe metro,358245,180083,50.2681126,32790,9.152953984,5065,418,8.252714709,0
51740,VA,Portsmouth city,2,Large fringe metro,95094,76907,80.87471344,10377,10.9123604,2175,223,10.25287356,0
6087,CA,Santa Cruz County,3,Medium metro,269925,188997,70.01833843,19999,7.409095119,3339,287,8.595387841,0
42019,PA,Butler County,2,Large fringe metro,189135,107451,56.81180109,20402,10.78700399,3871,485,12.52906226,1
13247,GA,Rockdale County,2,Large fringe metro,90939,16211,17.82623517,8639,9.499774574,1670,226,13.53293413,1
13067,GA,Cobb County,2,Large fringe metro,762944,292454,38.33230224,83464,10.93972821,11174,1281,11.46411312,0
42071,PA,Lancaster County,3,Medium metro,546192,310790,56.9012362,62089,11.36761432,10238,1230,12.01406525,0
47149,TN,Rutherford County,2,Large fringe metro,339261,153577,45.26809742,57049,16.81566699,5607,870,15.51631889,1
6109,CA,Tuolumne County,5,Micropolitan,54515,28678,52.60570485,6055,11.10703476,1300,118,9.076923077,0
45047,SC,Greenwood County,5,Micropolitan,71074,30871,43.4350114,9930,13.9713538,2192,295,13.4580292,1
35049,NM,Santa Fe County,4,Small metro,151946,94836,62.41427876,12162,8.004159372,2705,209,7.726432532,0
39169,OH,Wayne County,5,Micropolitan,115694,46677,40.34522101,11250,9.723926911,2212,263,11.88969259,0
13117,GA,Forsyth County,2,Large fringe metro,250847,54508,21.72958018,22248,8.869151315,3245,351,10.81664099,0
30049,MT,Lewis and Clark County,5,Micropolitan,70229,36626,52.1522448,8290,11.80424041,1280,119,9.296875,0
55087,WI,Outagamie County,4,Small metro,188766,106989,56.67810941,23115,12.2453196,3319,403,12.14221151,1
47157,TN,Shelby County,1,Large central metro,936017,432086,46.16219577,135165,14.44044286,22560,2624,11.63120567,0
55027,WI,Dodge County,5,Micropolitan,87336,40685,46.58445544,10275,11.76490794,1688,189,11.19668246,0
39129,OH,Pickaway County,2,Large fringe metro,58658,26151,44.58215418,9977,17.00876266,899,104,11.56840934,0
5119,AR,Pulaski County,3,Medium metro,392980,197865,50.34989058,47000,11.95989618,13219,1759,13.30660413,1
39033,OH,Crawford County,5,Micropolitan,41338,16769,40.56558131,5018,12.13895205,977,112,11.46366428,0
26111,MI,Midland County,4,Small metro,83441,44882,53.78890474,7580,9.084263132,1918,151,7.87278415,0
56021,WY,Laramie County,4,Small metro,100595,46622,46.34623987,13835,13.75316865,1868,202,10.8137045,0
36047,NY,Kings County,1,Large central metro,2538934,1496755,58.95210352,317639,12.510723,35958,8856,24.62873352,1
55101,WI,Racine County,4,Small metro,195802,104716,53.48055689,23762,12.13572895,3282,373,11.36502133,0
42107,PA,Schuylkill County,5,Micropolitan,140709,79550,56.53511858,16285,11.57353119,3025,339,11.20661157,0
55117,WI,Sheboygan County,4,Small metro,115240,63225,54.86376258,14460,12.54772648,2235,208,9.306487696,0
17167,IL,Sangamon County,4,Small metro,193882,107586,55.49045296,24437,12.60405814,5167,517,10.00580608,0
51775,VA,Salem city,3,Medium metro,25340,11780,46.48776638,2549,10.05919495,1710,197,11.52046784,0
51680,VA,Lynchburg city,3,Medium metro,81561,24882,30.50722772,8369,10.26103162,3270,519,15.87155963,1
55059,WI,Kenosha County,2,Large fringe metro,169671,89092,52.50867856,19166,11.29597869,3010,420,13.95348837,1
41039,OR,Lane County,3,Medium metro,382986,237686,62.06127639,23377,6.103878471,7762,302,3.890749807,0
39037,OH,Darke County,5,Micropolitan,51205,17806,34.77394786,6242,12.1902158,991,104,10.49445005,0
1115,AL,St. Clair County,2,Large fringe metro,90739,31053,34.22232998,13848,15.26135399,1541,144,9.344581441,0
17077,IL,Jackson County,4,Small metro,56675,23578,41.60211734,7625,13.45390384,1218,187,15.35303777,1
17121,IL,Marion County,5,Micropolitan,37045,13797,37.24389256,6545,17.66770144,937,101,10.77908218,0
6097,CA,Sonoma County,3,Medium metro,489819,335964,68.58941772,39151,7.992952499,8023,499,6.219618597,0
21111,KY,Jefferson County,1,Large central metro,767452,463035,60.3340665,12780,1.665250726,21146,2366,11.18887733,0
35043,NM,Sandoval County,3,Medium metro,148904,89669,60.21933595,14159,9.508811046,2781,484,17.40381158,1
42001,PA,Adams County,4,Small metro,102742,50797,49.44131903,11177,10.87870588,1644,153,9.306569343,0
12031,FL,Duval County,1,Large central metro,966728,514363,53.20658965,91010,9.41423027,22011,3190,14.49275362,1
47063,TN,Hamblen County,4,Small metro,65110,24538,37.68699125,11957,18.36430656,1843,241,13.0765057,1
45035,SC,Dorchester County,3,Medium metro,165737,75724,45.68925466,30533,18.42256105,1831,208,11.35991262,0
36029,NY,Erie County,1,Large central metro,917241,565966,61.70308567,102502,11.1750347,20833,2536,12.17299477,1
37183,NC,Wake County,1,Large central metro,1132271,697748,61.62376322,117087,10.34089895,12418,1299,10.46062168,0
40125,OK,Pottawatomie County,5,Micropolitan,72998,30377,41.61346886,10496,14.37847612,1694,215,12.6918536,1
42041,PA,Cumberland County,3,Medium metro,255857,156558,61.18964891,23497,9.183645552,5198,714,13.73605233,1
39085,OH,Lake County,2,Large fringe metro,229569,134592,58.62812488,23664,10.30801197,4059,378,9.312638581,0
21059,KY,Daviess County,4,Small metro,101978,51335,50.33928887,9794,9.604032242,2669,395,14.79955039,1
38101,ND,Ward County,5,Micropolitan,68466,27395,40.01256098,2217,3.238103584,1405,250,17.79359431,1
41029,OR,Jackson County,4,Small metro,221844,115779,52.18937632,20329,9.163646526,4961,309,6.228582947,0
51650,VA,Hampton city,2,Large fringe metro,135464,72727,53.68732652,12640,9.33089234,2399,220,9.170487703,0
13277,GA,Tift County,5,Micropolitan,40719,8417,20.67093986,6091,14.95861883,1316,303,23.02431611,1
55079,WI,Milwaukee County,1,Large central metro,945016,525761,55.63514269,77755,8.22790302,18979,1676,8.830813004,0
36081,NY,Queens County,1,Large central metro,2225821,1641531,73.74946143,305235,13.71336689,30547,7742,25.34455102,1
36077,NY,Otsego County,5,Micropolitan,58701,32790,55.85935504,4278,7.287780447,1544,127,8.225388601,0
6083,CA,Santa Barbara County,3,Medium metro,444766,271959,61.14653548,42579,9.573348682,6483,603,9.301249422,0
13081,GA,Crisp County,5,Micropolitan,22034,4086,18.54406826,1895,8.600344921,672,121,18.00595238,1
25017,MA,Middlesex County,2,Large fringe metro,1609379,1126962,70.02464926,158313,9.836899823,21547,2977,13.81630853,1
1055,AL,Etowah County,4,Small metro,102371,37097,36.23780172,17097,16.70101884,3229,522,16.16599566,1
40047,OK,Garfield County,5,Micropolitan,60869,26585,43.6757627,8996,14.77928009,1487,240,16.13987895,1
55009,WI,Brown County,3,Medium metro,264610,151161,57.12595896,35220,13.31015457,5234,525,10.03056935,0
29510,MO,St. Louis city,1,Large central metro,297645,148258,49.81034454,5027,1.688924726,9339,850,9.101616875,0
24001,MD,Allegany County,4,Small metro,70057,34699,49.5296687,9912,14.1484791,2072,301,14.52702703,1
12069,FL,Lake County,2,Large fringe metro,375492,218715,58.24757918,25808,6.873115805,8981,1095,12.19240619,1
16005,ID,Bannock County,4,Small metro,88795,36346,40.93248494,10675,12.02207331,1620,187,11.54320988,0
1031,AL,Coffee County,5,Micropolitan,53230,17923,33.6708623,7616,14.30772121,1017,150,14.74926254,1
51015,VA,Augusta County,4,Small metro,76544,34550,45.13743729,7657,10.00339674,1899,206,10.84781464,0
26081,MI,Kent County,1,Large central metro,658708,363838,55.23509658,71130,10.79841144,12000,1154,9.616666667,0
20055,KS,Finney County,5,Micropolitan,35917,13785,38.38015424,6556,18.25319487,550,109,19.81818182,1
34039,NJ,Union County,1,Large central metro,555394,339121,61.05953611,79012,14.22629701,8833,1686,19.08751274,1
47051,TN,Franklin County,5,Micropolitan,42485,15059,35.44545134,7194,16.93303519,961,102,10.61394381,0
12119,FL,Sumter County,4,Small metro,139018,98867,71.11812859,8591,6.179775281,4646,444,9.556607835,0
5069,AR,Jefferson County,4,Small metro,65377,24665,37.7273353,7873,12.04246142,1709,233,13.63370392,1
17199,IL,Williamson County,4,Small metro,66415,29489,44.40111421,11442,17.22803584,1755,205,11.68091168,0
1039,AL,Covington County,6,Noncore,36930,12588,34.08610885,5727,15.5077173,1066,179,16.79174484,1
9003,CT,Hartford County,1,Large central metro,889226,599842,67.45664207,86922,9.775017824,17325,2671,15.41702742,1
42029,PA,Chester County,2,Large fringe metro,526759,318383,60.4418719,45488,8.635448089,8082,978,12.10096511,1
17089,IL,Kane County,2,Large fringe metro,531010,278524,52.45174291,65792,12.38997382,6933,835,12.04384826,0
26021,MI,Berrien County,4,Small metro,153025,77660,50.74987747,15078,9.853291946,3201,310,9.684473602,0
1003,AL,Baldwin County,4,Small metro,229287,97893,42.69452695,32575,14.20708544,4386,473,10.78431373,0
40121,OK,Pittsburg County,5,Micropolitan,43679,17227,39.44000549,6152,14.08457153,1205,173,14.35684647,1
37085,NC,Harnett County,5,Micropolitan,137058,46260,33.75213413,16381,11.95187439,1619,188,11.61210624,0
8101,CO,Pueblo County,4,Small metro,169823,82452,48.55172739,21327,12.5583696,4200,476,11.33333333,0
12001,FL,Alachua County,3,Medium metro,271218,160053,59.01267615,23996,8.847495373,7634,1197,15.67985329,1
47147,TN,Robertson County,2,Large fringe metro,72275,32670,45.20235213,12892,17.8374265,1286,129,10.0311042,0
25001,MA,Barnstable County,4,Small metro,213164,10994,5.15753129,18896,8.864536226,5365,353,6.579683131,0
1101,AL,Montgomery County,3,Medium metro,224639,102407,45.58736462,30168,13.42954696,6387,1112,17.4103648,1
13089,GA,DeKalb County,2,Large fringe metro,762009,237931,31.22417189,63121,8.283497964,10050,902,8.975124378,0
55063,WI,La Crosse County,4,Small metro,118502,72175,60.90614504,13914,11.74157398,2908,278,9.559834938,0
42089,PA,Monroe County,4,Small metro,170154,93139,54.73806082,17067,10.03032547,2754,325,11.8010167,0
45003,SC,Aiken County,3,Medium metro,172895,70234,40.62234304,24797,14.34223083,3352,319,9.516706444,0
1081,AL,Lee County,4,Small metro,166831,56463,33.84442939,20491,12.28248947,2489,405,16.27159502,1
44007,RI,Providence County,1,Large central metro,636547,396385,62.27112845,102902,16.16565627,13489,2198,16.29475869,1
36103,NY,Suffolk County,2,Large fringe metro,1474273,982319,66.63073935,226812,15.38466756,27014,4733,17.5205449,1
17113,IL,McLean County,4,Small metro,171256,88905,51.9135096,21724,12.685103,2620,311,11.87022901,0
32031,NV,Washoe County,3,Medium metro,477082,269279,56.44291757,46868,9.823887717,9736,1060,10.8874281,0
51059,VA,Fairfax County,2,Large fringe metro,1150847,788064,68.47686964,83342,7.241796694,10755,1100,10.22780102,0
51770,VA,Roanoke city,3,Medium metro,99058,38994,39.36481657,9788,9.881079771,4736,510,10.76858108,0
37081,NC,Guilford County,3,Medium metro,540521,287188,53.13170071,60037,11.10724653,10493,1227,11.69350996,0
26163,MI,Wayne County,1,Large central metro,1740623,841689,48.3556175,117269,6.737185479,37621,4606,12.24316206,1
37161,NC,Rutherford County,5,Micropolitan,67076,24105,35.93684775,9775,14.57302165,1468,195,13.28337875,1
13151,GA,Henry County,2,Large fringe metro,239139,48647,20.34256228,28063,11.73501604,3922,508,12.95257522,1
19163,IA,Scott County,3,Medium metro,173216,91817,53.00722797,23027,13.29380658,3561,319,8.958157821,0
49053,UT,Washington County,4,Small metro,184913,78047,42.20741646,24269,13.12455046,3494,380,10.87578706,0
17163,IL,St. Clair County,2,Large fringe metro,258046,129888,50.33521155,34985,13.55766026,4921,574,11.66429587,0
53033,WA,King County,1,Large central metro,2274315,1595222,70.14076766,144553,6.355891774,27922,1951,6.987321825,0
1125,AL,Tuscaloosa County,4,Small metro,210758,80538,38.21349605,30579,14.50905778,4693,794,16.91881526,1
29097,MO,Jasper County,4,Small metro,121648,51778,42.56379061,1809,1.487077469,1643,105,6.390748631,0
18145,IN,Shelby County,2,Large fringe metro,44871,23356,52.05143634,6269,13.97116177,800,106,13.25,1
6073,CA,San Diego County,1,Large central metro,3332427,1708530,51.26984027,348284,10.45136173,46598,5013,10.75797245,0
34017,NJ,Hudson County,1,Large central metro,671666,444168,66.12929641,94421,14.05773107,7602,1770,23.28334649,1
16083,ID,Twin Falls County,5,Micropolitan,88411,34177,38.65695445,13187,14.91556481,1903,298,15.65948502,1
40019,OK,Carter County,5,Micropolitan,48353,18229,37.69983248,8204,16.96688933,1204,185,15.3654485,1
13129,GA,Gordon County,5,Micropolitan,58780,8888,15.12078938,8080,13.74617217,1126,192,17.05150977,1
51165,VA,Rockingham County,4,Small metro,82346,33333,40.47919753,7624,9.258494645,1717,236,13.7449039,1
20169,KS,Saline County,5,Micropolitan,53926,23792,44.11971962,7613,14.11749434,1381,210,15.20637219,1
1089,AL,Madison County,3,Medium metro,379453,197474,52.04175484,41789,11.01295813,8307,927,11.15926327,0
40109,OK,Oklahoma County,1,Large central metro,804041,445910,55.45861467,108149,13.45068224,21157,3108,14.69017347,1
12021,FL,Collier County,3,Medium metro,392973,244934,62.32845514,28396,7.225941731,7684,914,11.89484643,0
13071,GA,Colquitt County,5,Micropolitan,45542,9178,20.15282596,6030,13.24052523,1073,167,15.5638397,1
36085,NY,Richmond County,1,Large central metro,475327,294168,61.8875006,85123,17.90830313,8020,1721,21.45885287,1
29077,MO,Greene County,3,Medium metro,294997,129509,43.90180239,1500,0.508479747,9256,1513,16.34615385,1
25025,MA,Suffolk County,1,Large central metro,801582,516473,64.43171129,105516,13.16346924,16506,2206,13.36483703,1
53005,WA,Benton County,3,Medium metro,206426,100674,48.77001928,27270,13.21054518,3686,454,12.31687466,1
24017,MD,Charles County,2,Large fringe metro,164436,95003,57.77506142,4472,2.719599115,2003,193,9.63554668,0
50007,VT,Chittenden County,4,Small metro,164306,105360,64.12425596,8483,5.162927708,3154,149,4.724159797,0
36057,NY,Montgomery County,5,Micropolitan,49170,29304,59.59731544,4297,8.739068538,1157,132,11.4088159,0
36035,NY,Fulton County,5,Micropolitan,52812,25813,48.87714913,5040,9.543285617,1010,101,10,0
42045,PA,Delaware County,2,Large fringe metro,566753,368169,64.96110298,57405,10.12875097,9969,1387,13.91313071,1
36087,NY,Rockland County,2,Large fringe metro,326225,182297,55.88075715,60333,18.49429075,4729,1017,21.50560372,1
42025,PA,Carbon County,3,Medium metro,64081,36710,57.2868713,7203,11.24046129,1186,127,10.70826307,0
42063,PA,Indiana County,5,Micropolitan,83664,35590,42.53920444,7235,8.647685982,1608,180,11.19402985,0
12035,FL,Flagler County,3,Medium metro,118451,65869,55.6086483,5982,5.05018953,2918,265,9.081562714,0
13227,GA,Pickens County,2,Large fringe metro,33127,4720,14.24819634,4261,12.86261962,809,134,16.56365884,1
8005,CO,Arapahoe County,2,Large fringe metro,657452,386058,58.72033243,74203,11.28645133,8724,934,10.70609812,0
42051,PA,Fayette County,2,Large fringe metro,128126,68301,53.3076815,14607,11.40049639,2768,307,11.09104046,0
17081,IL,Jefferson County,5,Micropolitan,37235,13417,36.033302,6011,16.14341346,1137,181,15.91908531,1
6115,CA,Yuba County,4,Small metro,80160,34360,42.86427146,9058,11.2999002,1551,186,11.99226306,0
18173,IN,Warrick County,3,Medium metro,63269,36166,57.16227536,10316,16.30498348,2094,362,17.28748806,1
39151,OH,Stark County,3,Medium metro,369772,179239,48.47284272,39379,10.64953539,9488,1260,13.27993255,1
18005,IN,Bartholomew County,4,Small metro,84447,44915,53.18720618,10562,12.50725307,1746,234,13.40206186,1
30063,MT,Missoula County,4,Small metro,121630,69588,57.21285867,11866,9.755816822,2128,206,9.680451128,0
36061,NY,New York County,1,Large central metro,1611989,1189579,73.79572689,158234,9.816071946,30337,6068,20.00197778,1
22017,LA,Caddo Parish,3,Medium metro,237479,101994,42.94863967,1813,0.763435925,8116,1434,17.66880237,1
8013,CO,Boulder County,3,Medium metro,327171,226034,69.08741912,26666,8.150477885,4547,409,8.99494172,0
1069,AL,Houston County,4,Small metro,106580,39851,37.39069244,14825,13.90973916,4037,815,20.18825861,1
5143,AR,Washington County,3,Medium metro,243216,113731,46.76131505,30324,12.46792974,4712,632,13.41256367,1
19187,IA,Webster County,5,Micropolitan,35934,18635,51.85896366,6281,17.47926755,1032,138,13.37209302,1
26075,MI,Jackson County,4,Small metro,156920,75781,48.29276064,12148,7.741524344,3630,360,9.917355372,0
40137,OK,Stephens County,5,Micropolitan,43100,18001,41.76566125,6728,15.61020882,1030,152,14.75728155,1
24005,MD,Baltimore County,2,Large fringe metro,826017,525432,63.6103131,79540,9.629341769,16110,1681,10.43451273,0
13097,GA,Douglas County,2,Large fringe metro,147988,40918,27.64953915,16862,11.39416709,1524,162,10.62992126,0
42017,PA,Bucks County,2,Large fringe metro,627987,403337,64.22696648,66738,10.62729006,11652,1302,11.17404737,0
36009,NY,Cattaraugus County,5,Micropolitan,75863,37402,49.30203129,6636,8.747347192,1504,124,8.244680851,0
45083,SC,Spartanburg County,3,Medium metro,326205,123499,37.85932159,54262,16.63432504,8119,1356,16.70156423,1
28067,MS,Jones County,5,Micropolitan,67993,25638,37.70682276,1309,1.925198182,1537,226,14.70396877,1
34027,NJ,Morris County,2,Large fringe metro,491087,341964,69.63409742,55833,11.36926858,9803,1624,16.56635724,1
1127,AL,Walker County,2,Large fringe metro,63143,26557,42.05850213,9541,15.11014681,1956,270,13.80368098,1
6013,CA,Contra Costa County,2,Large fringe metro,1152333,815231,70.74612981,94962,8.240847047,15145,972,6.417959723,0
24013,MD,Carroll County,2,Large fringe metro,169092,110393,65.2857616,14649,8.663331204,3228,310,9.603469641,0
6001,CA,Alameda County,1,Large central metro,1662323,1179268,70.94096635,115548,6.950995685,20262,1647,8.128516435,0
39119,OH,Muskingum County,5,Micropolitan,86020,37349,43.41897233,11198,13.01790281,2313,261,11.28404669,0
42111,PA,Somerset County,5,Micropolitan,72916,32233,44.20566131,8855,12.14411103,1753,215,12.2646891,1
19193,IA,Woodbury County,4,Small metro,103138,51216,49.65774012,17351,16.82309139,2512,407,16.2022293,1
28121,MS,Rankin County,3,Medium metro,155975,72094,46.22150986,1484,0.951434525,2091,233,11.14299378,0
18091,IN,LaPorte County,4,Small metro,109663,56178,51.2278526,13946,12.71714252,2348,239,10.17887564,0
22033,LA,East Baton Rouge Parish,3,Medium metro,439729,218519,49.69401609,1438,0.327019596,11821,1900,16.07309026,1
13127,GA,Glynn County,4,Small metro,85568,38026,44.4395101,10777,12.59466156,2369,394,16.63149008,1
21125,KY,Laurel County,5,Micropolitan,61238,22756,37.15993337,8221,13.42467096,1310,142,10.83969466,0
26093,MI,Livingston County,2,Large fringe metro,192335,106562,55.40437258,16735,8.700964463,2408,102,4.235880399,0
17201,IL,Winnebago County,3,Medium metro,281295,132021,46.93329067,38961,13.85058391,6609,667,10.09229838,0
23031,ME,York County,3,Medium metro,209066,147521,70.56192781,14834,7.095367013,2804,150,5.349500713,0
41035,OR,Klamath County,5,Micropolitan,68739,31041,45.1577707,6224,9.054539635,1606,109,6.787048568,0
51760,VA,Richmond city,1,Large central metro,232226,93632,40.31934409,19911,8.573975352,6324,559,8.839342188,0
34005,NJ,Burlington County,2,Large fringe metro,446596,293061,65.62105348,51605,11.55518634,7010,834,11.89728959,0
37001,NC,Alamance County,4,Small metro,171346,86229,50.32448963,23396,13.65424346,2944,203,6.895380435,0
1117,AL,Shelby County,2,Large fringe metro,221428,69213,31.25756454,32512,14.6828766,2672,236,8.832335329,0
51087,VA,Henrico County,2,Large fringe metro,333766,170867,51.19365064,29477,8.831636536,7149,804,11.24632816,0
45015,SC,Berkeley County,3,Medium metro,235987,94340,39.97677838,28337,12.00786484,2911,183,6.286499485,0
34013,NJ,Essex County,1,Large central metro,800501,483596,60.41166719,104779,13.0891779,14973,3189,21.29833701,1
45059,SC,Laurens County,3,Medium metro,67883,23140,34.08806329,9633,14.19059264,1457,150,10.29512697,0
55039,WI,Fond du Lac County,4,Small metro,102902,51213,49.76871198,14053,13.65668306,1994,179,8.976930792,0
34037,NJ,Sussex County,2,Large fringe metro,140002,78646,56.17491179,15906,11.36126627,2251,251,11.15059973,0
12131,FL,Walton County,4,Small metro,76648,31028,40.48116063,5079,6.626395992,1340,152,11.34328358,0
37107,NC,Lenoir County,5,Micropolitan,55720,26182,46.988514,8385,15.04845657,1135,162,14.27312775,1
17197,IL,Will County,2,Large fringe metro,688726,370345,53.77247265,87188,12.6593159,8945,918,10.2627166,0
37097,NC,Iredell County,2,Large fringe metro,185770,83192,44.78225763,25701,13.83484955,2889,358,12.39183108,1
51510,VA,Alexandria city,1,Large central metro,158726,89417,56.33418596,12869,8.107682421,1707,215,12.59519625,1
36013,NY,Chautauqua County,5,Micropolitan,126032,66143,52.48111591,10799,8.568458804,2373,189,7.96460177,0
13095,GA,Dougherty County,4,Small metro,86477,20370,23.55539623,7164,8.284283682,2866,542,18.91137474,1
34031,NJ,Passaic County,2,Large fringe metro,500382,302956,60.54494366,79582,15.90424915,7755,1638,21.12185687,1
9001,CT,Fairfield County,3,Medium metro,942426,676808,71.81550594,102843,10.91258093,13945,2348,16.83757619,1
21193,KY,Perry County,6,Noncore,25456,14271,56.06143935,2643,10.38262099,1713,167,9.7489784,0
6023,CA,Humboldt County,5,Micropolitan,134977,78270,57.98765716,8111,6.009171933,2418,102,4.218362283,0
13261,GA,Sumter County,5,Micropolitan,29282,11128,38.00286866,2591,8.848439314,727,113,15.54332875,1
13279,GA,Toombs County,5,Micropolitan,26973,5476,20.30178326,3810,14.12523635,1064,204,19.17293233,1
42043,PA,Dauphin County,3,Medium metro,279874,160681,57.41190679,29692,10.60905979,6860,828,12.06997085,0
36011,NY,Cayuga County,5,Micropolitan,76029,40813,53.68083231,7094,9.330650147,1363,101,7.410124725,0
47031,TN,Coffee County,5,Micropolitan,57632,22674,39.34272626,9453,16.40234592,1250,108,8.64,0
1049,AL,DeKalb County,6,Noncore,71658,21081,29.41890647,10994,15.34232047,1383,157,11.35213304,0
21199,KY,Pulaski County,5,Micropolitan,65530,28381,43.30993438,5227,7.976499313,1856,212,11.42241379,0
45075,SC,Orangeburg County,5,Micropolitan,85343,41906,49.1030313,13426,15.73181163,2278,318,13.9596137,1
12099,FL,Palm Beach County,2,Large fringe metro,1507600,890996,59.10029185,137405,9.114154948,32326,4162,12.87508507,1
55141,WI,Wood County,5,Micropolitan,72560,40078,55.23428886,8096,11.15766262,2414,230,9.527754764,0
39133,OH,Portage County,3,Medium metro,162583,82876,50.97457914,15342,9.436410941,2536,204,8.044164038,0
24033,MD,Prince George's County,2,Large fringe metro,909612,568539,62.50346301,94282,10.36507874,11023,1456,13.20874535,1
12053,FL,Hernando County,2,Large fringe metro,198792,94810,47.69306612,15843,7.969636605,6103,821,13.45240046,1
40123,OK,Pontotoc County,5,Micropolitan,38397,17508,45.59731229,6187,16.11323801,871,144,16.53272101,1
24510,MD,Baltimore city,1,Large central metro,586131,333472,56.89376607,58694,10.01380238,17532,1811,10.32968287,0
13063,GA,Clayton County,2,Large fringe metro,292646,59185,20.22409327,27274,9.319792514,2713,250,9.214891264,0
40147,OK,Washington County,5,Micropolitan,52222,19292,36.94228486,7317,14.01133622,1487,249,16.74512441,1
47141,TN,Putnam County,5,Micropolitan,80929,36492,45.09137639,15381,19.00554807,2492,360,14.44622793,1
24047,MD,Worcester County,3,Medium metro,52403,33900,64.69095281,6506,12.41531973,1260,119,9.444444444,0
20173,KS,Sedgwick County,3,Medium metro,519907,229636,44.16866863,71557,13.76342307,11547,1279,11.07647008,0
21235,KY,Whitley County,5,Micropolitan,36451,14472,39.70261447,3965,10.87761653,1074,171,15.92178771,1
17043,IL,DuPage County,2,Large fringe metro,917481,572580,62.40783188,104116,11.34802792,13723,1310,9.546017635,0
1077,AL,Lauderdale County,4,Small metro,93368,38098,40.80412989,12103,12.96268529,2798,355,12.68763402,1
41019,OR,Douglas County,5,Micropolitan,111364,54062,48.54531087,10360,9.302826766,2924,183,6.258549932,0
26161,MI,Washtenaw County,3,Medium metro,366473,241052,65.77619634,26077,7.115667457,7346,693,9.433705418,0
47179,TN,Washington County,4,Small metro,130367,68099,52.23637884,19814,15.19863156,4744,589,12.41568297,1
29183,MO,St. Charles County,2,Large fringe metro,406204,219000,53.91379701,3969,0.977095253,5999,688,11.4685781,0
5145,AR,White County,5,Micropolitan,78729,31548,40.07163815,7278,9.244369927,1951,239,12.25012814,1
22071,LA,Orleans Parish,1,Large central metro,389476,238448,61.22277111,1933,0.49630786,7872,721,9.159044715,0
51730,VA,Petersburg city,2,Large fringe metro,30446,10402,34.16540761,4407,14.47480786,1625,228,14.03076923,1
42013,PA,Blair County,4,Small metro,121007,55729,46.05436049,14538,12.014181,3820,472,12.35602094,1
47187,TN,Williamson County,2,Large fringe metro,245348,138581,56.48344392,37731,15.37856432,2390,285,11.92468619,0
5063,AR,Independence County,5,Micropolitan,37757,13379,35.43448897,3197,8.467304076,1184,230,19.42567568,1
36079,NY,Putnam County,2,Large fringe metro,98532,63925,64.87740024,13242,13.43928876,993,101,10.17119839,0
40013,OK,Bryan County,5,Micropolitan,48998,16421,33.5136128,7845,16.01085759,1012,148,14.62450593,1
55131,WI,Washington County,2,Large fringe metro,136445,70509,51.67576679,17247,12.64025798,2054,148,7.205452775,0
1033,AL,Colbert County,4,Small metro,55411,23741,42.84528343,7669,13.84021223,1364,238,17.44868035,1
12071,FL,Lee County,3,Medium metro,790767,429473,54.31094115,57142,7.22614879,15868,1654,10.42349382,0
9011,CT,New London County,3,Medium metro,264999,187558,70.77687086,23377,8.821542723,4562,456,9.995615958,0
26139,MI,Ottawa County,2,Large fringe metro,294635,152180,51.65034704,31624,10.73328016,3685,323,8.765264586,0
21227,KY,Warren County,4,Small metro,134510,56549,42.04074047,15094,11.22147052,3288,508,15.45012165,1
6089,CA,Shasta County,4,Small metro,179027,77003,43.01194792,20342,11.36253191,4798,387,8.065860775,0
45057,SC,Lancaster County,2,Large fringe metro,100926,37967,37.61865129,14355,14.22329231,1562,171,10.9475032,0
21195,KY,Pike County,6,Noncore,57057,27470,48.14483762,5442,9.53783059,2508,350,13.9553429,1
31109,NE,Lancaster County,3,Medium metro,320650,190214,59.32137845,15915,4.963355684,5525,538,9.737556561,0
26103,MI,Marquette County,5,Micropolitan,65834,39517,60.02521493,4723,7.174104566,1547,122,7.886231416,0
47065,TN,Hamilton County,3,Medium metro,371662,184791,49.72017586,58964,15.86495256,11061,1379,12.46722719,1
46103,SD,Pennington County,4,Small metro,115926,47250,40.7587599,14116,12.17673343,2543,281,11.04994101,0
31019,NE,Buffalo County,5,Micropolitan,50114,17781,35.48110308,4546,9.071317396,1023,145,14.17399804,1
26055,MI,Grand Traverse County,5,Micropolitan,93592,58006,61.97751945,6251,6.678989657,2768,227,8.200867052,0
37191,NC,Wayne County,4,Small metro,123967,54592,44.03752612,14255,11.49902797,2848,337,11.83286517,0
12101,FL,Pasco County,2,Large fringe metro,570412,287601,50.41987195,38196,6.696212562,13098,1399,10.68102,0
34021,NJ,Mercer County,3,Medium metro,367239,223278,60.79909814,39619,10.7883422,5849,886,15.14788853,1
25027,MA,Worcester County,3,Medium metro,829212,505157,60.92012658,94610,11.40962745,14463,1851,12.79817465,1
42119,PA,Union County,5,Micropolitan,44294,24292,54.84264234,6505,14.68596198,925,154,16.64864865,1
37045,NC,Cleveland County,5,Micropolitan,99035,41962,42.37087898,15954,16.10945625,2070,333,16.08695652,1
42077,PA,Lehigh County,3,Medium metro,370802,241342,65.08648821,44292,11.94491939,10140,1520,14.99013807,1
55105,WI,Rock County,4,Small metro,163084,100083,61.36898776,18048,11.06668956,3130,248,7.923322684,0
6079,CA,San Luis Obispo County,3,Medium metro,282249,149788,53.06945286,27939,9.898706461,4331,295,6.811359963,0
6075,CA,San Francisco County,1,Large central metro,866606,655200,75.60529237,51471,5.939377295,11938,604,5.059473949,0
44009,RI,Washington County,2,Large fringe metro,125746,88285,70.20899273,11316,8.999093411,2038,147,7.212953876,0
34025,NJ,Monmouth County,2,Large fringe metro,618381,372802,60.28678113,89489,14.47149896,12566,1781,14.17316569,1
19013,IA,Black Hawk County,4,Small metro,130786,70798,54.13270534,19342,14.7890447,2856,418,14.63585434,1
6055,CA,Napa County,4,Small metro,135965,92781,68.23888501,12155,8.939800684,2326,114,4.901117799,0
26065,MI,Ingham County,3,Medium metro,290609,152714,52.54964574,14235,4.898334188,6142,621,10.11071312,0
12091,FL,Okaloosa County,4,Small metro,212820,108393,50.93177333,15346,7.21078846,4150,524,12.62650602,1
17111,IL,McHenry County,2,Large fringe metro,305888,163340,53.39862956,33051,10.80493514,3244,241,7.429099877,0
49011,UT,Davis County,3,Medium metro,359232,197002,54.83976929,48105,13.39106761,3538,200,5.652911249,0
24003,MD,Anne Arundel County,2,Large fringe metro,582777,394373,67.67133912,47396,8.132784925,8894,853,9.590735327,0
36069,NY,Ontario County,2,Large fringe metro,110091,67407,61.22843829,8490,7.711802055,2028,165,8.136094675,0
28033,MS,DeSoto County,2,Large fringe metro,188275,85585,45.45744257,2331,1.238082592,3458,634,18.33429728,1
13057,GA,Cherokee County,2,Large fringe metro,265274,76640,28.89088263,34515,13.01107534,2910,296,10.17182131,0
37101,NC,Johnston County,2,Large fringe metro,216246,94418,43.66231052,29474,13.62984749,2528,211,8.346518987,0
34001,NJ,Atlantic County,3,Medium metro,262945,152390,57.95508566,37798,14.37486927,5923,689,11.63261861,0
21083,KY,Graves County,5,Micropolitan,36818,14926,40.53995328,4046,10.98919007,826,114,13.80145278,1
45077,SC,Pickens County,3,Medium metro,127983,52946,41.36955689,24740,19.33069236,1933,271,14.01965856,1
51590,VA,Danville city,5,Micropolitan,39869,13359,33.5072362,4972,12.47084201,1648,207,12.56067961,1
37035,NC,Catawba County,3,Medium metro,160307,77608,48.41210927,25438,15.86830269,3621,536,14.80254073,1
37049,NC,Craven County,4,Small metro,101233,53894,53.23758063,12530,12.37738682,2123,221,10.40979746,0
5009,AR,Boone County,5,Micropolitan,37625,12338,32.79202658,3988,10.59933555,859,108,12.57275902,1
4015,AZ,Mohave County,4,Small metro,217206,76393,35.17075956,29859,13.74685782,6877,795,11.56027338,0
47037,TN,Davidson County,1,Large central metro,694176,393138,56.63376435,112810,16.25092196,19059,2672,14.01962328,1
53077,WA,Yakima County,4,Small metro,251879,133090,52.8388631,38546,15.3033798,4064,507,12.4753937,1
33011,NH,Hillsborough County,3,Medium metro,418735,235465,56.23246206,33140,7.914313349,6882,688,9.997093868,0
37125,NC,Moore County,5,Micropolitan,103352,51578,49.90517842,12171,11.77625977,2693,450,16.70998886,1
12033,FL,Escambia County,3,Medium metro,322364,151343,46.94786018,30258,9.386283828,10107,1354,13.39665578,1
36101,NY,Steuben County,5,Micropolitan,94657,50205,53.03886664,8360,8.831887763,1791,165,9.212730318,0
47125,TN,Montgomery County,3,Medium metro,214251,103892,48.49078884,29427,13.73482504,2925,323,11.04273504,0
51003,VA,Albemarle County,4,Small metro,110652,64695,58.467086,6591,5.956512309,1935,131,6.77002584,0
39017,OH,Butler County,2,Large fringe metro,385648,190425,49.37793013,44859,11.63211011,6409,699,10.90653768,0
16055,ID,Kootenai County,4,Small metro,170628,62674,36.73136883,24157,14.15769979,3568,407,11.40695067,0
13091,GA,Dodge County,6,Noncore,20452,2254,11.02092705,2858,13.97418345,454,111,24.44933921,1
6103,CA,Tehama County,5,Micropolitan,64494,22965,35.60796353,7995,12.396502,1144,104,9.090909091,0
45085,SC,Sumter County,4,Small metro,106360,46362,43.58969537,14651,13.77491538,2276,269,11.81898067,0
8031,CO,Denver County,1,Large central metro,735538,482746,65.63168728,82687,11.24170335,9910,894,9.021190716,0
34019,NJ,Hunterdon County,2,Large fringe metro,124797,77102,61.78193386,11679,9.358398038,1573,179,11.37952956,0
13135,GA,Gwinnett County,2,Large fringe metro,942627,285099,30.24515529,93962,9.968099789,8656,1021,11.79528651,0
20155,KS,Reno County,5,Micropolitan,61793,27864,45.0924862,9571,15.48880941,1484,184,12.39892183,1
42033,PA,Clearfield County,5,Micropolitan,78612,36329,46.21304635,9484,12.06431588,1881,193,10.26049973,0
16019,ID,Bonneville County,4,Small metro,122134,49281,40.3499435,16824,13.77503398,2394,313,13.07435255,1
41017,OR,Deschutes County,4,Small metro,201769,121905,60.41810189,15859,7.85997849,3328,244,7.331730769,0
35001,NM,Bernalillo County,3,Medium metro,681666,371769,54.53829295,68287,10.01766261,15164,1877,12.37800053,1
17091,IL,Kankakee County,4,Small metro,108594,45355,41.76565924,16727,15.40324511,2431,244,10.0370218,0
8123,CO,Weld County,3,Medium metro,333983,169581,50.77533886,38981,11.67155214,3397,353,10.39152193,0
45073,SC,Oconee County,5,Micropolitan,80015,32544,40.67237393,13214,16.51440355,1850,196,10.59459459,0
24031,MD,Montgomery County,2,Large fringe metro,1051816,806693,76.69525849,82814,7.873430334,14532,2232,15.35920727,1
17179,IL,Tazewell County,3,Medium metro,130777,66637,50.95467857,19754,15.10510258,1973,145,7.349214394,0
18039,IN,Elkhart County,4,Small metro,206161,78907,38.2744554,33064,16.03795092,3663,530,14.46901447,1
12023,FL,Columbia County,5,Micropolitan,72654,26985,37.14179536,8046,11.07440747,2134,313,14.66729147,1
34007,NJ,Camden County,2,Large fringe metro,506809,299484,59.092084,64959,12.81725463,12078,1431,11.84798808,0
13245,GA,Richmond County,3,Medium metro,202079,67744,33.52352298,22769,11.26737563,7979,1460,18.29803233,1
9015,CT,Windham County,3,Medium metro,116540,66745,57.27218123,10990,9.430238545,1734,151,8.708189158,0
27137,MN,St. Louis County,3,Medium metro,198538,116125,58.49006236,20084,10.11594758,5339,475,8.896797153,0
37119,NC,Mecklenburg County,1,Large central metro,1128945,602064,53.3297902,143880,12.74464212,14496,1849,12.75524283,1
37109,NC,Lincoln County,2,Large fringe metro,88097,36901,41.88678389,13157,14.93467428,1094,133,12.15722121,1
51013,VA,Arlington County,1,Large central metro,240119,160355,66.78147085,16755,6.977790179,2757,361,13.09394269,1
19033,IA,Cerro Gordo County,5,Micropolitan,42103,24171,57.40921075,6157,14.62366102,1424,190,13.34269663,1
37171,NC,Surry County,5,Micropolitan,71683,32466,45.2910732,10645,14.85010393,1868,252,13.49036403,1
40131,OK,Rogers County,3,Medium metro,93155,37765,40.53996028,13878,14.89775106,1403,121,8.624376336,0
26047,MI,Emmet County,6,Noncore,33342,22607,67.80337112,2161,6.481314858,1137,106,9.322779244,0
42133,PA,York County,3,Medium metro,450448,244373,54.25110113,52852,11.73320783,8311,900,10.82902178,0
42055,PA,Franklin County,4,Small metro,155637,69386,44.58194388,18062,11.60520956,3227,441,13.6659436,1
24015,MD,Cecil County,2,Large fringe metro,103419,52961,51.2101258,9077,8.776917201,1880,187,9.946808511,0
13139,GA,Hall County,4,Small metro,206591,59494,28.79796313,17519,8.480040273,5848,1127,19.27154583,1
18163,IN,Vanderburgh County,3,Medium metro,182447,95822,52.520458,29568,16.20635034,5506,725,13.16745369,1
39007,OH,Ashtabula County,5,Micropolitan,96513,44993,46.61859024,7309,7.573073058,1978,178,8.998988878,0
5031,AR,Craighead County,4,Small metro,112245,42565,37.92151098,15817,14.09149628,4363,776,17.78592711,1
47089,TN,Jefferson County,4,Small metro,55307,24287,43.91306706,8811,15.93107563,1276,160,12.53918495,1
55127,WI,Walworth County,5,Micropolitan,103953,49951,48.05152328,12022,11.5648418,1571,134,8.529598982,0
34003,NJ,Bergen County,2,Large fringe metro,930394,636999,68.46551031,115635,12.42860552,16512,3265,19.77349806,1
47123,TN,Monroe County,6,Noncore,47177,17958,38.06515887,8749,18.54505373,1025,107,10.43902439,0
38015,ND,Burleigh County,4,Small metro,96212,40184,41.76609986,3898,4.051469671,2317,338,14.58782909,1
42049,PA,Erie County,3,Medium metro,268426,145628,54.25256868,23858,8.88811069,6593,606,9.191566813,0
17143,IL,Peoria County,3,Medium metro,177652,92073,51.82773062,25956,14.61058699,5984,811,13.55280749,1
13045,GA,Carroll County,2,Large fringe metro,121633,26898,22.11406444,12410,10.20282325,2757,450,16.32208923,1
22051,LA,Jefferson Parish,2,Large fringe metro,432346,249751,57.76646482,1555,0.359665638,10780,1539,14.27643785,1
51121,VA,Montgomery County,4,Small metro,98391,42034,42.72138712,10193,10.35968737,1569,161,10.26131294,0
8069,CO,Larimer County,3,Medium metro,360428,215600,59.8177722,30788,8.542066654,5250,393,7.485714286,0
18127,IN,Porter County,2,Large fringe metro,170980,88212,51.59199906,21274,12.44239092,3179,293,9.216734822,0
34029,NJ,Ocean County,2,Large fringe metro,614237,294440,47.93589445,88461,14.40177,13452,1913,14.22093369,1
36021,NY,Columbia County,5,Micropolitan,59534,39701,66.68626331,4482,7.528471126,1197,131,10.94402673,0
24021,MD,Frederick County,2,Large fringe metro,265161,173747,65.52509607,25983,9.798952335,3643,347,9.525116662,0
37013,NC,Beaufort County,5,Micropolitan,47073,22763,48.35680751,6092,12.94160134,876,110,12.55707763,1
37153,NC,Richmond County,5,Micropolitan,44332,18796,42.39826762,6458,14.56735541,893,107,11.98208287,0
47011,TN,Bradley County,4,Small metro,109071,39220,35.95822904,20411,18.71349855,2327,245,10.52857757,0
13113,GA,Fayette County,2,Large fringe metro,115821,38879,33.56817848,9919,8.564077326,2215,373,16.83972912,1
38035,ND,Grand Forks County,4,Small metro,69481,34539,49.70999266,2462,3.543414746,1270,144,11.33858268,0
1015,AL,Calhoun County,4,Small metro,113469,46287,40.7926394,17644,15.54962148,3031,444,14.64863081,1
39173,OH,Wood County,3,Medium metro,131113,72414,55.23022126,14928,11.38559868,2305,159,6.898047722,0
17095,IL,Knox County,5,Micropolitan,49053,23203,47.30189795,6603,13.4609504,1256,175,13.93312102,1
28049,MS,Hinds County,3,Medium metro,227966,118618,52.03319793,3592,1.575673565,9324,1580,16.94551695,1
45043,SC,Georgetown County,5,Micropolitan,63353,31010,48.94795827,8914,14.07036762,1957,275,14.05212059,1
53007,WA,Chelan County,4,Small metro,77574,48316,62.28375487,9354,12.05816382,1819,175,9.620670698,0
53057,WA,Skagit County,4,Small metro,130789,76594,58.563029,8612,6.584651614,2441,102,4.178615322,0
39043,OH,Erie County,5,Micropolitan,73719,39768,53.94538721,9311,12.63039379,2152,242,11.24535316,0
8077,CO,Mesa County,4,Small metro,155603,67544,43.40790345,20207,12.98625348,3707,372,10.03506879,0
28081,MS,Lee County,5,Micropolitan,85466,33510,39.20857417,2,0.002340112,4179,713,17.06149797,1
4007,AZ,Gila County,5,Micropolitan,54303,27881,51.34338803,8627,15.88678342,1357,136,10.02210759,0
5125,AR,Saline County,3,Medium metro,123968,53365,43.04739933,12450,10.0429143,1890,190,10.05291005,0
28059,MS,Jackson County,3,Medium metro,143802,56921,39.58289871,2559,1.779530187,3103,425,13.69642282,1
39003,OH,Allen County,4,Small metro,101980,39032,38.27417141,13424,13.16336537,2953,451,15.27260413,1
37071,NC,Gaston County,2,Large fringe metro,226568,97673,43.10979485,35193,15.53308499,4467,605,13.54376539,1
29019,MO,Boone County,4,Small metro,182991,98943,54.06987229,1345,0.735008826,4408,535,12.13702359,1
6007,CA,Butte County,4,Small metro,212744,102497,48.17856203,20944,9.844695973,4391,400,9.109542246,0
18141,IN,St. Joseph County,3,Medium metro,271484,144410,53.19282168,11776,4.337640524,5949,604,10.15296689,0
42015,PA,Bradford County,5,Micropolitan,60221,22875,37.98508826,6479,10.75870543,1816,182,10.02202643,0
51550,VA,Chesapeake city,2,Large fringe metro,247011,101198,40.96902567,24904,10.08214209,3586,294,8.198549916,0
17177,IL,Stephenson County,5,Micropolitan,43831,22801,52.02025963,5454,12.44324793,1069,108,10.10289991,0
12111,FL,St. Lucie County,3,Medium metro,337186,169723,50.33512661,28682,8.506284365,7018,718,10.230835,0
42039,PA,Crawford County,5,Micropolitan,83697,38265,45.71848453,8714,10.4113648,1768,171,9.671945701,0
18177,IN,Wayne County,5,Micropolitan,65778,29155,44.32332999,9427,14.33153942,2190,331,15.11415525,1
42091,PA,Montgomery County,2,Large fringe metro,833869,511316,61.31850447,77835,9.334199976,17025,2390,14.03817915,1
35045,NM,San Juan County,4,Small metro,123312,82766,67.11917737,17568,14.24678863,2505,503,20.07984032,1
6077,CA,San Joaquin County,3,Medium metro,767967,396427,51.62031702,96252,12.53335104,11866,1720,14.49519636,1
30111,MT,Yellowstone County,4,Small metro,162990,73779,45.26596724,22126,13.57506595,4316,677,15.6858202,1
47029,TN,Cocke County,5,Micropolitan,36225,16149,44.57971014,6419,17.71980676,975,123,12.61538462,1
6029,CA,Kern County,3,Medium metro,901362,392779,43.57616585,131983,14.64261861,13247,1679,12.67456783,1
20209,KS,Wyandotte County,2,Large fringe metro,165265,79617,48.17535473,26287,15.9059692,4062,589,14.50024618,1
25021,MA,Norfolk County,2,Large fringe metro,709409,487332,68.6954916,68782,9.69567626,9979,1104,11.06323279,0
32003,NV,Clark County,1,Large central metro,2315963,1110192,47.93651712,308864,13.33630978,40201,6146,15.28817691,1
39167,OH,Washington County,5,Micropolitan,59652,28793,48.26828941,6474,10.85294709,1702,244,14.33607521,1
35025,NM,Lea County,5,Micropolitan,71830,20242,28.18042601,12896,17.95350132,906,132,14.56953642,1
55035,WI,Eau Claire County,4,Small metro,105260,58070,55.16815504,12763,12.12521376,2498,250,10.00800641,0
30029,MT,Flathead County,5,Micropolitan,105851,38652,36.51547931,15313,14.46656149,2275,216,9.494505495,0
12097,FL,Osceola County,2,Large fringe metro,385315,237004,61.50915485,35112,9.112544282,5738,918,15.99860579,1
47019,TN,Carter County,4,Small metro,56418,20259,35.90875253,9202,16.31039739,1322,145,10.96822995,0
6031,CA,Kings County,4,Small metro,152692,58195,38.11267126,29804,19.51903178,1981,401,20.24230187,1
28075,MS,Lauderdale County,5,Micropolitan,73751,33532,45.46650215,1141,1.547097666,2877,647,22.48870351,1
5139,AR,Union County,5,Micropolitan,38219,16211,42.41607577,3714,9.717679688,1048,121,11.54580153,0
12063,FL,Jackson County,6,Noncore,46085,17242,37.4134751,5956,12.92394488,1150,144,12.52173913,1
13275,GA,Thomas County,5,Micropolitan,44372,10580,23.8438655,5223,11.77093663,1486,254,17.09286676,1
6107,CA,Tulare County,3,Medium metro,468680,203801,43.48404028,72199,15.40475378,6646,1043,15.69365032,1
26147,MI,St. Clair County,2,Large fringe metro,159293,72622,45.5902017,15573,9.776324132,3458,423,12.23250434,1
35031,NM,McKinley County,5,Micropolitan,70824,71941,101.577149,13450,18.9907376,1231,222,18.0341186,1
18081,IN,Johnson County,2,Large fringe metro,160607,83516,52.00022415,24191,15.06223265,2283,234,10.24967148,0
18063,IN,Hendricks County,2,Large fringe metro,173251,110707,63.89977547,22548,13.01464349,2995,439,14.65776294,1
5115,AR,Pope County,5,Micropolitan,64334,28421,44.17726241,8445,13.12680698,1286,112,8.709175739,0
5005,AR,Baxter County,5,Micropolitan,42242,17928,42.44117229,3436,8.13408456,1804,264,14.63414634,1
29099,MO,Jefferson County,2,Large fringe metro,226543,87363,38.56353981,1606,0.708916188,3118,269,8.627325208,0
27171,MN,Wright County,2,Large fringe metro,140249,64475,45.97180729,18385,13.10882787,1312,103,7.850609756,0
42097,PA,Northumberland County,5,Micropolitan,90258,49705,55.0699107,10689,11.84271754,1586,217,13.68221942,1
12009,FL,Brevard County,3,Medium metro,608459,343609,56.47200551,27861,4.578944514,15500,1644,10.60645161,0
47035,TN,Cumberland County,5,Micropolitan,61603,25728,41.7641998,9777,15.87098031,1745,186,10.65902579,0
41047,OR,Marion County,3,Medium metro,349204,194940,55.82410282,31745,9.090674792,5658,406,7.175680452,0
46099,SD,Minnehaha County,4,Small metro,196659,102903,52.32559913,31953,16.24792153,5127,858,16.73493271,1
6019,CA,Fresno County,3,Medium metro,1000918,512108,51.1638316,134404,13.42807303,16337,2146,13.13582665,1
53067,WA,Thurston County,3,Medium metro,294074,169100,57.50253338,16581,5.638376735,4843,259,5.34792484,0
27145,MN,Stearns County,4,Small metro,162038,80223,49.50875721,24648,15.21124674,3312,421,12.71135266,1
27003,MN,Anoka County,2,Large fringe metro,359921,179257,49.80454044,47797,13.27985864,4322,552,12.77186488,1
13297,GA,Walton County,2,Large fringe metro,96875,21414,22.10477419,11403,11.77083871,1813,258,14.23055709,1
39055,OH,Geauga County,2,Large fringe metro,93271,51742,55.47490646,7867,8.434561654,1794,222,12.37458194,1
28089,MS,Madison County,3,Medium metro,106871,60927,57.009853,1732,1.620645451,1918,177,9.228362878,0
42061,PA,Huntingdon County,5,Micropolitan,44590,20781,46.60461987,5695,12.77192196,741,101,13.63022942,1
54039,WV,Kanawha County,4,Small metro,176253,56062,31.80768554,1245,0.706370955,5974,585,9.79243388,0
27037,MN,Dakota County,2,Large fringe metro,431807,256016,59.28945107,51910,12.02157445,4172,315,7.55033557,0
26145,MI,Saginaw County,4,Small metro,189868,91546,48.21560242,21264,11.19935956,5365,810,15.09785648,1
4001,AZ,Apache County,6,Noncore,71875,52044,72.40904348,14563,20.26156522,1054,129,12.23908918,1
4013,AZ,Maricopa County,1,Large central metro,4579081,2211062,48.28615174,670789,14.64898743,81663,11960,14.64555551,1
37065,NC,Edgecombe County,4,Small metro,50829,21400,42.10194967,7022,13.81494816,985,125,12.69035533,1
51810,VA,Virginia Beach city,1,Large central metro,451231,232871,51.60793474,43008,9.531260042,6388,427,6.684408265,0
18099,IN,Marshall County,5,Micropolitan,46108,18774,40.717446,7031,15.24898065,808,104,12.87128713,1
47163,TN,Sullivan County,3,Medium metro,158755,79508,50.08220214,23765,14.96960726,6553,796,12.14710819,1
51683,VA,Manassas city,2,Large fringe metro,40869,19100,46.73468888,4482,10.96674741,962,212,22.03742204,1
42079,PA,Luzerne County,3,Medium metro,316982,180519,56.9492905,35240,11.11735051,7934,894,11.26796068,0
40119,OK,Payne County,5,Micropolitan,81755,34935,42.73133142,10927,13.36554339,1087,108,9.935602576,0
41005,OR,Clackamas County,2,Large fringe metro,421596,256631,60.87130808,25944,6.153758575,6544,321,4.905256724,0
34041,NJ,Warren County,3,Medium metro,105624,63016,59.66068318,11350,10.74566386,1831,246,13.43528127,1
9005,CT,Litchfield County,5,Micropolitan,179610,124305,69.20828462,15030,8.36813095,2754,236,8.569353667,0
39153,OH,Summit County,3,Medium metro,538866,302806,56.19319089,54248,10.06706677,12547,1280,10.20164183,0
39089,OH,Licking County,2,Large fringe metro,178100,86554,48.59854015,19475,10.93486805,2959,252,8.516390673,0
36067,NY,Onondaga County,3,Medium metro,459214,303670,66.12821038,43235,9.415000414,10899,1139,10.45050005,0
40021,OK,Cherokee County,5,Micropolitan,49019,19494,39.76825313,8269,16.86896918,993,149,15.00503525,1
1053,AL,Escambia County,6,Noncore,36281,11675,32.17937764,5803,15.99459772,797,106,13.29987453,1
42021,PA,Cambria County,4,Small metro,128672,65743,51.09347799,16070,12.48911962,3532,481,13.61834655,1
39141,OH,Ross County,5,Micropolitan,76420,34581,45.25124313,8749,11.44857367,2037,258,12.66568483,1
51107,VA,Loudoun County,2,Large fringe metro,422784,259561,61.3932883,30502,7.214558734,3388,295,8.707201889,0
19045,IA,Clinton County,5,Micropolitan,46392,22697,48.92438351,6222,13.41179514,885,105,11.86440678,0
8001,CO,Adams County,2,Large fringe metro,519883,302943,58.27138029,67792,13.03985704,7651,978,12.78264279,1
37147,NC,Pitt County,4,Small metro,182924,84614,46.25636877,26519,14.49727756,4397,498,11.32590403,0
47113,TN,Madison County,4,Small metro,98360,47450,48.24115494,16360,16.63277755,4485,932,20.78037904,1
39083,OH,Knox County,5,Micropolitan,62423,24064,38.54989347,6061,9.709562181,1140,107,9.385964912,0
42003,PA,Allegheny County,1,Large central metro,1211358,738536,60.96760825,114844,9.480599459,32774,3095,9.44346128,0
13215,GA,Muscogee County,3,Medium metro,196442,62248,31.68772462,16312,8.303723236,5852,926,15.82365003,1
51540,VA,Charlottesville city,4,Small metro,46950,22537,48.00212993,4472,9.525026624,2190,204,9.315068493,0
39155,OH,Trumbull County,3,Medium metro,196800,97110,49.3445122,18896,9.601626016,4134,441,10.66763425,0
42005,PA,Armstrong County,2,Large fringe metro,64162,34269,53.41011814,6865,10.69947944,1212,118,9.735973597,0
42125,PA,Washington County,2,Large fringe metro,206803,119896,57.97594812,20540,9.932157657,4680,347,7.414529915,0